sku;model;podkategorija;naziv;kratki opis;dugi opis;proizvoðaè;cijena;popust (koeficjent, npr. 0.1);zaliha;novo (da/ne);akcija (da/ne);najprodavaniji (da/ne);vrijeme dostave (dana);redoslijed (0,1,2...);besplatna dostava (da/ne);best buy (da/ne);wifi (da/ne);širina (cm);visina (cm);dubina (cm);snaga (W);boja;energetski razred;ne propustite priliku (da/ne);insert (bioetanol/elektrièni)
7090019821522;;Mill uljni radijatori;Mill AB-H1000DN - uljni radijator;Mill uljni radijator sa Heat Boost tehnologijom, 1000W jaèina, 3 stupnja podešavanja jaèine 400/600/1000W, LED zaslon, elektronski termostat sa 24-satni program, èeliène fronte, aluminijsko postolje, tip-over prekidaè(automatsko iskljuèivanje ukoliko se prevrne), zaštita od pregrijavanja(automatsko iskljuèivanje), dužina naponskog kabla 1.6m, težina 7.9kg, preporuèena velièina prostorije 8-15m? Ovaj proizvod je prikladan samo za dobro izolirane prostorije ili povremenu upotrebu.;;Mill;1209;;;;;;2-3 radna dana;;DA;DA;ne;26.8;65.6;15;1000;bijela;;;
7090019821539;;Mill uljni radijatori;Mill AB-H1500DN - uljni radijator;Mill uljni radijator sa Heat Boost tehnologijom, 1500W jaèina, 3 stupnja podešavanja jaèine 600/900/1500W, LED zaslon, elektronski termostat sa 24-satni program, èeliène fronte, aluminijsko postolje, tip-over prekidaè(automatsko iskljuèivanje ukoliko se prevrne), zaštita od pregrijavanja(automatsko iskljuèivanje), dužina naponskog kabla 1.6m, težina 9.9kg, preporuèena velièina prostorije 16-24m? Ovaj proizvod je prikladan samo za dobro izolirane prostorije ili povremenu upotrebu.;;Mill;1389;;;;;;2-3 radna dana;;DA;DA;ne;34.4;65.6;26.1;1500;bijela;;;
7090019822383;;Mill uljni radijatori;Mill AB-H1500WIFI - uljni radijator;Mill Heat Boost tehnologija, Mill uljni radijator sa integriranim WIFI-om, jaèina 1500W, 3 stupnja podešavanja jaèine 600/900/1500W, LED zaslon, super precizan elektronski termostat, napredna kontrola termostata Millheat app+WIFI, èeliène fronte, aluminijsko postolje, tip-over prekidaè(automatsko iskljuèivanje ukoliko se prevrne), zaštita od pregrijavanja(automatsko iskljuèivanje), dužina naponskog kabla 1.6m, težina 11.3kg, preporuèena velièina prostorije 16-24m? Ovaj proizvod je prikladan samo za dobro izolirane prostorije ili povremenu upotrebu.;;Mill;1539;;;;;;2-3 radna dana;;DA;DA;da;34.4;65.6;15;1500;bijela;;;
7090019821546;;Mill uljni radijatori;Mill AB-H2000DN - uljni radijator;Mill uljni radijator sa Heat Boost tehnologijom, 2000W jaèina, 3 stupnja podešavanja jaèine 800/1200/2000W, LED zaslon, elektronski termostat sa 24-satni program, èeliène fronte, aluminijsko postolje, tip-over prekidaè(automatsko iskljuèivanje ukoliko se prevrne), zaštita od pregrijavanja(automatsko iskljuèivanje), dužina naponskog kabla 1.6m, težina 12.1kg, preporuèena velièina prostorije 15-25m? Ovaj proizvod je prikladan samo za dobro izolirane prostorije ili povremenu upotrebu.;;Mill;1629;;;;;;2-3 radna dana;;DA;DA;ne;42;65.6;26.1;2000;bijela;;;
7090019821959;AVWIFI;Mill norveški radijatori;Mill AV1200WIFI Glass - zidni norveški radijator;Mill zidni norveški radijator sa integriranim WIFI-om, jaèina 1200W, staklena fronta, super precizan termostat, napredna kontrola termostata Millheat app+WIFI, funkcija kalibracije temperature, aluminijski grijaè(uèinkovitost+niska površinska temperatura), H nosaè sa vijcima, pogodan za kupaonice(zona2, klasifikacija IPX4 zaštita od vode pod bilo kojim kutem), neèujan rad, dužina naponskog kabla 1.3m, težina 10kg, preporuèena velièina prostorije 14-18m?;;Mill;1439;;;;;;2-3 radna dana;;DA;DA;da;106.5;40;8;1200;bijela;;;
7090019821935;AVWIFI;Mill norveški radijatori;Mill AV600WIFI Glass - zidni norveški radijator;Mill zidni norveški radijator sa integriranim WIFI-om, jaèina 600W, staklena fronta, super precizan termostat, napredna kontrola termostata Millheat app+WIFI, funkcija kalibracije temperature, aluminijski grijaè(uèinkovitost+niska površinska temperatura), H nosaè sa vijcima, pogodan za kupaonice(zona2, klasifikacija IPX4 zaštita od vode pod bilo kojim kutem), neèujan rad, dužina naponskog kabla 1.3m, težina 6.7kg, preporuèena velièina prostorije 8-11m?;;Mill;1069;;;;;;2-3 radna dana;;DA;DA;da;66.5;40;8;600;bijela;;;
7090019822307;AVWIFI;Mill norveški radijatori;Mill AV900WIFI Glass - zidni norveški radijator;Mill zidni norveški radijator sa integriranim WIFI-om, jaèina 900W, staklena fronta, super precizan termostat, napredna kontrola termostata Millheat app+WIFI, funkcija kalibracije temperature, aluminijski grijaè(uèinkovitost+niska površinska temperatura), H nosaè sa vijcima, pogodan za kupaonice(zona2, klasifikacija IPX4 zaštita od vode pod bilo kojim kutem), neèujan rad, dužina naponskog kabla 1.3m, težina 8kg, preporuèena velièina prostorije 11-15m?;;Mill;1269;;;;;;2-3 radna dana;;DA;DA;da;86.5;40;8;900;bijela;;;
7090019822642;;Mill konvektori;Mill CUS1800MECW - grijalica;Mill PTC grijalica, jaèina 1800W, 2 stupnja podešavanja jaèine 1200/1800W, PTC grijaèi element, mehanièki termostat, èeliène fronte, ventilator za brzo zagrijavanje, tip-over prekidaè(automatsko iskljuèivanje ukoliko se prevrne), zaštita od pregrijavanja(automatsko iskljuèivanje), dužina naponskog kabla 1.5m, težina 1.9kg, preporuèena velièina prostorije 5-30m?;;Mill;479;;;;;;2-3 radna dana;;DA;DA;ne;62;39;8.3;1800;bijela;;;
7090019821058;IBDN;Mill norveški radijatori;Mill IB1200DN Steel - zidni norveški radijator;Mill zidni norveški radijator, jaèina 1200W, èelièna zaobljena fronta, super precizan elektronski termostat sa 24-satnim programom, funkcija kalibracije temperature, aluminijski grijaè(uèinkovitost+niska površinska temperatura), H nosaè sa vijcima, pogodan za kupaonice(zona2, klasifikacija IPX4 zaštita od vode pod bilo kojim kutem), dužina naponskog kabla 1.3m, težina 6kg, preporuèena velièina prostorije 14-18m?;;Mill;1099;;;;;;2-3 radna dana;;DA;DA;ne;105;40;8.6;1200;bijela;;;
7090019822710;IBDN;Mill norveški radijatori;Mill IB250 Steel - zidni norveški radijator;Mill zidni norveški radijator, jaèina 250W, èelièna zaobljena fronta, precizan elektronski termostat, funkcija kalibracije temperature, aluminijski grijaè(uèinkovitost+niska površinska temperatura), H nosaè sa vijcima, pogodan za kupaonice(zona2, klasifikacija IPX4 zaštita od vode pod bilo kojim kutem), dužina naponskog kabla 0.8m, težina 1,8kg, preporuèena velièina prostorije 2-5m?;;Mill;579;;;;;;2-3 radna dana;;DA;DA;ne;35;30;8.6;250;bijela;;;
7090019821034;IBDN;Mill norveški radijatori;Mill IB600DN Steel - zidni norveški radijator;Mill zidni norveški radijator, jaèina 600W, èelièna zaobljena fronta, super precizan elektronski termostat sa 24-satnim programom, funkcija kalibracije temperature, aluminijski grijaè(uèinkovitost+niska površinska temperatura), H nosaè sa vijcima, pogodan za kupaonice(zona2, klasifikacija IPX4 zaštita od vode pod bilo kojim kutem), dužina naponskog kabla 1.3m, težina 3,8kg, preporuèena velièina prostorije 8-11m?;;Mill;749;;;;;;2-3 radna dana;;DA;DA;ne;65;40;8.6;600;bijela;;;
7090019821713;IBDN;Mill norveški radijatori;Mill IB900DN Steel - zidni norveški radijator;Mill zidni norveški radijator, jaèina 900W, èelièna zaobljena fronta, super precizan elektronski termostat sa 24-satnim programom, funkcija kalibracije temperature, aluminijski grijaè(uèinkovitost+niska površinska temperatura), H nosaè sa vijcima, pogodan za kupaonice(zona2, klasifikacija IPX4 zaštita od vode pod bilo kojim kutem), dužina naponskog kabla 1.3m, težina 5,2kg, preporuèena velièina prostorije 11-15m?;;Mill;919;;;;;;2-3 radna dana;;DA;DA;ne;85;40;8.6;900;bijela;;;
7090019821621;MBDN;Mill norveški radijatori;Mill MB1200DN Glass - zidni norveški radijator;Mill zidni norveški radijator, jaèina 1200W, staklena fronta, super precizan elektronski termostat sa 24-satnim programom, funkcija kalibracije temperature, aluminijski grijaè(uèinkovitost+niska površinska temperatura), H nosaè sa vijcima, pogodan za kupaonice(zona2, klasifikacija IPX4 zaštita od vode pod bilo kojim kutem), dužina naponskog kabla 1.3m, težina 8kg, preporuèena velièina prostorije 14-18m?;;Mill;1279;;;;;;2-3 radna dana;;DA;DA;ne;106.5;40;8;1200;bijela;;;
7090019822727;MBDN;Mill norveški radijatori;Mill MB250 Glass - zidni norveški radijator;Mill zidni norveški radijator, jaèina 300W, staklena fronta, precizan elektronski termostat, funkcija kalibracije temperature, aluminijski grijaè(uèinkovitost+niska površinska temperatura), H nosaè sa vijcima, pogodan za kupaonice(zona2, klasifikacija IPX4 zaštita od vode pod bilo kojim kutem), dužina naponskog kabla 0.8m, težina 2.5kg, preporuèena velièina prostorije 2-5m?;;Mill;629;;;;;;2-3 radna dana;;DA;DA;ne;36.5;30;8;250;bijela;;;
7090019821560;MBDN;Mill norveški radijatori;Mill MB600DN Glass - zidni norveški radijator;Mill zidni norveški radijator, jaèina 600W, staklena fronta, super precizan elektronski termostat sa 24-satnim programom, funkcija kalibracije temperature, aluminijski grijaè(uèinkovitost+niska površinska temperatura), H nosaè sa vijcima, pogodan za kupaonice(zona2, klasifikacija IPX4 zaštita od vode pod bilo kojim kutem), dužina naponskog kabla 1.3m, težina 5,3kg, preporuèena velièina prostorije 8-11m?;;Mill;909;;;;;;2-3 radna dana;;DA;DA;ne;66.5;40;8;600;bijela;;;
7090019822338;NEWIFI;Mill norveški radijatori;Mill NE1000 L WIFI Steel - zidni norveški radijator;"Mill zidni ""slim"" norveški radijator sa integriranim WIFI-om, jaèina 1000W, èelièna fronta, super precizan termostat, napredna kontrola termostata Millheat app+WIFI, funkcija kalibracije temperature, aluminijski grijaè(uèinkovitost+niska površinska temperatura), H nosaè sa vijcima, pogodan za kupaonice(zona2, klasifikacija IPX4 zaštita od vode pod bilo kojim kutem), neèujan rad, dužina naponskog kabla 1.3m, težina 6.5kg, preporuèena velièina prostorije 12-16m?";;Mill;1099;;;;;;2-3 radna dana;;DA;DA;da;121.5;25;8.6;1000;bijela;;;
7090019821973;NEWIFI;Mill norveški radijatori;Mill NE1200WIFI Steel - zidni norveški radijator;Mill zidni norveški radijator sa integriranim WIFI-om, jaèina 1200W, èelièna fronta, super precizan termostat, napredna kontrola termostata Millheat app+WIFI, funkcija kalibracije temperature, aluminijski grijaè(uèinkovitost+niska površinska temperatura), H nosaè sa vijcima, pogodan za kupaonice(zona2, klasifikacija IPX4 zaštita od vode pod bilo kojim kutem), neèujan rad, dužina naponskog kabla 1.3m, težina 7.6kg, preporuèena velièina prostorije 14-18m?;;Mill;1259;;;;;;2-3 radna dana;;DA;DA;da;106.5;40;8.6;1200;bijela;;;
7090019823205;NEWIFI;Mill norveški radijatori;Mill NE1500WIFI Steel - zidni norveški radijator;Mill zidni norveški radijator sa integriranim WIFI-om, jaèina 1500W, èelièna fronta, super precizan termostat, napredna kontrola termostata Millheat app+WIFI, funkcija kalibracije temperature, aluminijski grijaè(uèinkovitost+niska površinska temperatura), H nosaè sa vijcima, pogodan za kupaonice(zona2, klasifikacija IPX4 zaštita od vode pod bilo kojim kutem), neèujan rad, dužina naponskog kabla 1.3m, težina 6.8kg, preporuèena velièina prostorije 18-22m?;;Mill;1459;;;;;;2-3 radna dana;;DA;DA;da;85;40;10.3;1500;bijela;;;
7090019821942;NEWIFI;Mill norveški radijatori;Mill NE600WIFI Steel - zidni norveški radijator;Mill zidni norveški radijator sa integriranim WIFI-om, jaèina 600W, èelièna fronta, super precizan termostat, napredna kontrola termostata Millheat app+WIFI, funkcija kalibracije temperature, aluminijski grijaè(uèinkovitost+niska površinska temperatura), H nosaè sa vijcima, pogodan za kupaonice(zona2, klasifikacija IPX4 zaštita od vode pod bilo kojim kutem), neèujan rad, dužina naponskog kabla 1.3m, težina 5.1kg, preporuèena velièina prostorije 8-11m?;;Mill;919;;;;;;2-3 radna dana;;DA;DA;da;65;40;8.6;600;bijela;;;
7090019822321;NEWIFI;Mill norveški radijatori;Mill NE900WIFI Steel - zidni norveški radijator;Mill zidni norveški radijator sa integriranim WIFI-om, jaèina 900W, èelièna fronta, super precizan termostat, napredna kontrola termostata Millheat app+WIFI, funkcija kalibracije temperature, aluminijski grijaè(uèinkovitost+niska površinska temperatura), H nosaè sa vijcima, pogodan za kupaonice(zona2, klasifikacija IPX4 zaštita od vode pod bilo kojim kutem), neèujan rad, dužina naponskog kabla 1.3m, težina 6.4kg, preporuèena velièina prostorije 11-15m?;;Mill;1119;;;;;;2-3 radna dana;;DA;DA;da;85;40;8.6;900;bijela;;;
7090019822284;;Mill konvektori;Mill SG1200WIFI samostojeæi konvektor;Mill prijenosni konvektor sa integriranim WIFI-om, jaèina 1200W, LED zaslon, Millheat app+WIFI termostat, aluminijski grijaèi element, èeliène fronte, ventilator za brzo zagrijavanje, aluminijsko postolje, tip-over prekidaè(automatsko iskljuèivanje ukoliko se prevrne), zaštita od pregrijavanja(automatsko iskljuèivanje), dužina naponskog kabla 1.6m, težina 4.4kg, preporuèena velièina prostorije 5-20m?;;Mill;1099;;;;;;2-3 radna dana;;DA;DA;da;62;33.5;9.5;1200;bijela;;;
7090019821751;;Mill konvektori;Mill SG2000GLASS samostojeæi konvektor;Mill prijenosni konvektor, jaèina 2000W, 3 stupnja podešavanja jaèine 750/1250/2000W, LED zaslon, elektronski termostat, fronte od kaljenog stakla u bijeloj boji, ventilator za brzo zagrijavanje, aluminijsko postolje, tip-over prekidaè(automatsko iskljuèivanje ukoliko se prevrne), zaštita od pregrijavanja(automatsko iskljuèivanje), dužina naponskog kabla 1.6m, težina 8kg, za prostorije 5-20m?;;Mill;1259;;;;;;2-3 radna dana;;DA;DA;ne;62;40.2;21;2000;bijela;;;
7090019822017;;Mill konvektori;Mill SG2000LED BLACK samostojeæi konvektor;Mill prijenosni konvektor, jaèina 2000W, 3 stupnja podešavanja jaèine 750/1250/2000W, LED zaslon, elektronski termostat, èeliène fronte u crnoj boji, ventilator za brzo zagrijavanje, aluminijsko postolje, tip-over prekidaè(automatsko iskljuèivanje ukoliko se prevrne), zaštita od pregrijavanja(automatsko iskljuèivanje), dužina naponskog kabla 1.6m, težina 4.4kg, za prostorije 5-20m?;;Mill;879;;;;;;2-3 radna dana;;DA;DA;ne;62;39;8.3;2000;crna;;;
7090019821133;;Mill konvektori;Mill SG2000LED samostojeæi konvektor;Mill prijenosni konvektor, jaèina 2000W, 3 stupnja podešavanja jaèine 750/1250/2000W, LED zaslon, elektronski termostat, èeliène fronte u bijeloj boji, ventilator za brzo zagrijavanje, aluminijsko postolje, tip-over prekidaè(automatsko iskljuèivanje ukoliko se prevrne), zaštita od pregrijavanja(automatsko iskljuèivanje), dužina naponskog kabla 1.6m, težina 4.4kg, za prostorije 5-20m?;;Mill;829;;;;;;2-3 radna dana;;DA;DA;ne;62;39;8.3;2000;bijela;;;
7090019823182;;Mill dodaci;Mill WIFI Utiènica - adapter;Mill WIFI utèinica sa integriranim senzorom temperature, za sve grijalice sa mehanièkim termostatom spaja ih na WIFI te pomoæu Millheat app upravljajte svojim grijalicama od bilo kuda u svijetu, integrirani senzor temperature, max. jaèina do 2300W, Millheat app+WIFI termostat, plastièno kuèište, zaštita od pregrijavanja(automatsko iskljuèivanje), težina 0.85kg;;Mill;339;;;;;;2-3 radna dana;;DA;DA;da;15;21;8;2300;bijela;;;
202666;Juneau;Inserti;Dimplex Juneau XL;Dimplex Juneau XL je ugradbena kazeta za jednostavne instalacije koju možete i sami napraviti, ukljuèite u struju i napunite filtriranom vodom. Opti-myst tehnologija nastaje osvjetljavanjem ultra fine vodene pare te tako nastaje trodimenzionalni uèinak vatre i dima. Elektrièni plamen nikad nije bio ovako realistièan. Dimplex Juneau XL Opti-myst je od sada praktièniji i jednostavniji za postavljanje/ugradnju jer ima ladicu sa rezervoarom za vodu na prednjoj strani kazete. Max.potrošnja 400W, daljinski upravljaè ukljuèen, dekorativna LED drva ukljuèena, bez grijanja, boja mat crna, dužina naponskog kabla 1.5m, težina 15kg, jamstvo 2 godine;;Dimplex ;12490;;;;;;10 - 15 radnih dana;;DA;DA;ne;;;;;;;;
204226;Cassette;Inserti;Dimplex Cassette 600 ;Dimplex Cassette 600 je ugradbena kazeta za jednostavne instalacije koju možete i sami napraviti, ukljuèite u struju i napunite filtriranom vodom. Opti-myst tehnologija plamena nastaje osvjetljavanjem ultra fine vodene pare te tako nastaje trodimenzionalni uèinak vatre i dima. Elektrièni plamen nikad nije bio ovako realistièan. Cassette 600 Opti-myst je od sada praktièniji i jednostavniji za postavljanje/ugradnju jer je rezervoar za vodu skriven ispod drva. Max.potrošnja 200W, daljinski upravljaè ukljuèen, dekorativna LED drva ukljuèena, bez grijanja, boja mat crna, dužina naponskog kabla 1.5m, težina 7kg, jamstvo 2 godine.;;Dimplex ;5190;;;;;;2-3 radna dana;;DA;DA;ne;;;;;;;;
204516;Cassette;Inserti;Dimplex Cassette 400 ;Dimplex Cassette 400 je ugradbena kazeta za jednostavne instalacije koju možete i sami napraviti, ukljuèite u struju i napunite filtriranom vodom. Opti-myst tehnologija plamena nastaje osvjetljavanjem ultra fine vodene pare te tako nastaje trodimenzionalni uèinak vatre i dima. Elektrièni plamen nikad nije bio ovako realistièan. Cassette 400 Opti-myst je od sada praktièniji i jednostavniji za postavljanje/ugradnju jer je rezervoar za vodu skriven ispod drva. Max.potrošnja 200W, daljinski upravljaè ukljuèen, dekorativna LED drva ukljuèena, bez grijanja, boja mat crna, dužina naponskog kabla 1.5m, težina 4kg, jamstvo 2 godine.;;Dimplex ;4690;;;;;;10 - 15 radnih dana;;DA;DA;ne;;;;;;;;
202086;Juneau;Inserti;Dimplex Juneau ;Dimplex Juneau je ugradbena kazeta za jednostavne instalacije koju možete i sami napraviti, ukljuèite u struju i napunite filtriranom vodom. Opti-myst tehnologija nastaje osvjetljavanjem ultra fine vodene pare te tako nastaje trodimenzionalni uèinak vatre i dima. Elektrièni plamen nikad nije bio ovako realistièan. Dimplex Juneau Opti-myst je od sada praktièniji i jednostavniji za postavljanje/ugradnju jer ima ladicu sa rezervoarom za vodu na prednjoj strani kazete. Max.potrošnja 250W, daljinski upravljaè ukljuèen, dekorativna LED drva ukljuèena, bez grijanja, boja mat crna, dužina naponskog kabla 1.5m, težina 15kg, jamstvo 2 godine.;;Dimplex ;8890;;;;;;10 - 15 radnih dana;;DA;DA;ne;;;;;;;;
210661;CassetteR;Inserti;Dimplex Cassette 1000R;Dimplex Cassette 1000R je ugradbena kazeta za jednostavne instalacije koju možete i sami napraviti, ukljuèite u struju i napunite filtriranom vodom. Opti-myst tehnologija plamena nastaje osvjetljavanjem ultra fine vodene pare te tako nastaje trodimenzionalni uèinak vatre i dima. Elektrièni plamen nikad nije bio ovako realistièan. Dimplex Cassette 1000R Opti-myst je od sada praktièniji i jednostavniji za postavljanje/ugradnju jer je rezervoar za vodu skriven ispod drva. Max.potrošnja 440W, daljinski upravljaè ukljuèen, dekorativna LED drva nisu ukljuèena - opcionalno, integriran zvuèni modul sa efektom pucketanja vatre, nema grijanja, boja mat crna, dužina naponskog kabla 1.5m, težina 16kg, jamstvo 2 godine. ;;Dimplex ;14690;;;;;;10 - 15 radnih dana;;DA;DA;ne;;;;;;;;
202789;;Inserti;Dimplex Cassette L ;;;Dimplex ;12790;;;;;;10 - 15 radnih dana;;DA;DA;ne;;;;;;;;
210654;CassetteR;Inserti;Dimplex Cassette 250  ;Dimplex Cassette 500R je ugradbena kazeta za jednostavne instalacije koju možete i sami napraviti, ukljuèite u struju i napunite filtriranom vodom. Opti-myst tehnologija plamena nastaje osvjetljavanjem ultra fine vodene pare te tako nastaje trodimenzionalni uèinak vatre i dima. Elektrièni plamen nikad nije bio ovako realistièan. Dimplex Cassette 1000R Opti-myst je od sada praktièniji i jednostavniji za postavljanje/ugradnju jer je rezervoar za vodu skriven ispod drva. Max.potrošnja 220W, daljinski upravljaè ukljuèen, dekorativna LED drva nisu ukljuèena - opcionalno, integriran zvuèni modul sa efektom pucketanja vatre, nema grijanja, boja mat crna, dužina naponskog kabla 1.5m, težina 7kg, jamstvo 2 godine.;;Dimplex ;8490;;;;;;10 - 15 radnih dana;;DA;DA;ne;;;;;;;;
210388;Cassette;Inserti;Dimplex Cassette 500C;;;Dimplex ;4290;;;;;;10 - 15 radnih dana;;DA;DA;ne;;;;;;;;
210678;CassetteC;Inserti;Dimplex Cassette 1000C;;;Dimplex ;9490;;;;;;10 - 15 radnih dana;;;;;;;;;;;;
210685;CassetteC;Inserti;Dimplex Cassette 400 LED;;;Dimplex ;15390;;;;;;10 - 15 radnih dana;;;;;;;;;;;;
210791;;Inserti;Dimplex Silverton ;;;Dimplex ;5090;;;;;;10 - 15 radnih dana;;;;;;;;;;;;
204554;;Inserti;"Dimplex Revillusion log set 20""";;;Dimplex ;5990;;;;;;;;;;;;;;;;;;
211156;;Inserti;Dimplex Danville Brass antique;;;Dimplex ;3290;;;;;;;;;;;;;;;;;;
202536;;Inserti;Dimplex Danville Black;;;Dimplex ;7590;;;;;;;;;;;;;;;;;;
202550;;Inserti;Dimplex Danville Chrome;;;Dimplex ;7290;;;;;;;;;;;;;;;;;;
202567;;Inserti;Dimplex Opti-V Double;;;Dimplex ;7590;;;;;;;;;;;;;;;;;;
204929;Opti-V;Ugradbeni kamini;Dimplex Opti-V Single;;;Dimplex ;36390;;;;;;10 - 15 radnih dana;;;;;;;;;;;;
204912;Opti-V;Ugradbeni kamini;"Dimplex Ignite XL 74""";;;Dimplex ;19490;;;;;;10 - 15 radnih dana;;;;;;;;;;;;
210289;Ignite;Ugradbeni kamini/Zidni kamin;"Dimplex Ignite XL 50""";;;Dimplex ;11090;;;;;;2-3 radna dana;;;;;;;;;;;;
210272;Ignite;Ugradbeni kamini/Zidni kamin;"Dimplex Prism 34""";;;Dimplex ;8690;;;;;;2-3 radna dana;;;;;;;;;;;;
208378;Prism;Ugradbeni kamini/Zidni kamin;"Dimplex Prism 50""";;;Dimplex ;5290;;;;;;;;;;;;;;;;;;
209900;Prism;Ugradbeni kamini/Zidni kamin;"Dimplex Prism 74""";;;Dimplex ;6590;;;;;;;;;;;;;;;;;;
209917;Prism;Ugradbeni kamini/Zidni kamin;Dimplex BLF 50 Synergy ;;;Dimplex ;10490;;;;;;;;;;;;;;;;;;
209887;;Ugradbeni kamini/Zidni kamin;Dimplex Vega ;;;Dimplex ;6590;;;;;;;;;;;;;;;;;;
117489;;Ugradbeni kamini;Dimplex 3 Step ;;;Dimplex ;9190;;;;;;;;;;;;;;;;;;
210166;;Ugradbeni kamini;Dimplex Rana ;;;Dimplex ;21990;;;;;;;;;;;;;;;;;;
116642;;Ugradbeni kamini;Dimplex Gala ;;;Dimplex ;8890;;;;;;;;;;;;;;;;;;
201447;;Ugradbeni kamini;Dimplex Albany ;;;Dimplex ;12290;;;;;;;;;;;;;;;;;;
210173;;Ugradbeni kamini;Dimplex Engine 68-400 ;;;Dimplex ;12490;;;;;;;;;;;;;;;;;;
210258;;Ugradbeni kamini;Dimplex Engine 56-600 B ;;;Dimplex ;8290;;;;;;;;;;;;;;;;;;
210210;;Ugradbeni kamini;Dimplex Engine 56-400 ;;;Dimplex ;9890;;;;;;;;;;;;;;;;;;
210234;;Ugradbeni kamini;Dimplex Revillusion Firebox 30' ;;;Dimplex ;8290;;;;;;;;;;;;;;;;;;
210357;Revillusion firebox;Ugradbeni kamini;Dimplex Revillusion FireBox 36' ;;;Dimplex ;7290;;;;;;;;;;;;;;;;;;
210364;Revillusion firebox;Ugradbeni kamini;"Dimplex DF3020 - 30"" firebox";;;Dimplex ;7990;;;;;;;;;;;;;;;;;;
208286;Firebox;Ugradbeni kamini;"Dimplex 28"" Firebox - XHD28";;;Dimplex ;4790;;;;;;;;;;;;;;;;;;
211002;XHD;Ugradbeni kamini;"Dimplex DF2550 - 25"" firebox";;;Dimplex ;3290;;;;;;;;;;;;;;;;;;
208323;Firebox;Ugradbeni kamini;"Dimplex DF2624L - 26"" firebox";;;Dimplex ;2690;;;;;;;;;;;;;;;;;;
208316;Firebox;Ugradbeni kamini;"Dimplex DF2010 - 20"" firebox";;;Dimplex ;2790;;;;;;;;;;;;;;;;;;
208002;Firebox;Ugradbeni kamini;Dimplex Viotta de Luxe ;;;Dimplex ;2390;;;;;;;;;;;;;;;;;;
208231;;Ugradbeni kamini;"Dimplex 23"" Firebox - XHD23";;;Dimplex ;1990;;;;;;;;;;;;;;;;;;
210951;XHD;Ugradbeni kamini;"Dimplex 26"" Firebox - XHD26";;;Dimplex ;2690;;;;;;;;;;;;;;;;;;
210975;XHD;Ugradbeni kamini;Dimplex SP16E Black;;;Dimplex ;2790;;;;;;;;;;;;;;;;;;
209863;;Zidni kamini;Dimplex Toluca de Luxe ;;;Dimplex ;7490;;;;;;;;;;;;;;;;;;
210418;;Zidni kamini;Dimplex Bizet Black / White  ;;;Dimplex ;3890;;;;;;;;;;;;;;;;;;
208354;;Zidni kamini;Dimplex Verdi;;;Dimplex ;4590;;;;;;;;;;;;;;;;;;
206275;;Samostojeæi kamini;Dimplex Cubic ;;;Dimplex ;12590;;;;;;;;;;;;;;;;;;
207425;;Samostojeæi kamini;Dimplex Haydn ;;;Dimplex ;10090;;;;;;;;;;;;;;;;;;
210494;;Samostojeæi kamini;Dimplex Strata ;;;Dimplex ;12790;;;;;;;;;;;;;;;;;;
210500;;Samostojeæi kamini;Dimplex Mozart White HG;;;Dimplex ;11990;;;;;;;;;;;;;;;;;;
208248;;Samostojeæi kamini;Dimplex Scandic;;;Dimplex ;4920;;;;;;;;;;;;;;;;;;
208200;;Samostojeæi kamini;Dimplex Beethoven antique ;;;Dimplex ;4890;;;;;;;;;;;;;;;;;;
207906;;Samostojeæi kamini;Dimplex Gisella White ;;;Dimplex ;5190;;;;;;;;;;;;;;;;;;
208392;;Samostojeæi kamini;Dimplex Nordic;;;Dimplex ;3390;;;;;;;;;;;;;;;;;;
208187;;Samostojeæi kamini;Dimplex Beethoven walnut ;;;Dimplex ;4690;;;;;;;;;;;;;;;;;;
207876;;Samostojeæi kamini;Dimplex Bellini concrete  ;;;Dimplex ;6290;;;;;;;;;;;;;;;;;;
210449;;Samostojeæi kamini;Dimplex Chopin ;;;Dimplex ;4290;;;;;;;;;;;;;;;;;;
210470;;Samostojeæi kamini;Dimplex Bellini White;;;Dimplex ;7590;;;;;;;;;;;;;;;;;;
211149;;Samostojeæi kamini;Dimplex Bellini Black;;;Dimplex ;4290;;;;;;;;;;;;;;;;;;
211132;;Samostojeæi kamini;Dimplex Sherwood;;;Dimplex ;4290;;;;;;;;;;;;;;;;;;
210937;;Samostojeæi kamini;Dimplex Bellini Brown ;;;Dimplex ;12690;;;;;;;;;;;;;;;;;;
210456;;Samostojeæi kamini;Dimplex Mini Mozart Stone ;;;Dimplex ;4290;;;;;;;;;;;;;;;;;;
208415;;Samostojeæi kamini;Dimplex Isola Stone White;;;Dimplex ;3190;;;;;;;;;;;;;;;;;;
SET001;;Samostojeæi kamini;Dimplex Isola Stone Grey;;;Dimplex ;11390;;;;;;;;;;;;;;;;;;
SET002;;Samostojeæi kamini;Dimplex Sunningdale ;;;Dimplex ;11390;;;;;;;;;;;;;;;;;;
207784;;Samostojeæi kamini;Dimplex Opti-V 360;;;Dimplex ;18390;;;;;;;;;;;;;;;;;;
206336;;Samostojeæi kamini;Dimplex Lucia Stove;;;Dimplex ;16490;;;;;;;;;;;;;;;;;;
211255;;Samostojeæi kamini;Dimplex Stockbridge ;;;Dimplex ;2950;;;;;;;;;;;;;;;;;;
206398;;Samostojeæi kamini;Dimplex LED Logset ;;;Dimplex ;7990;;;;;;;;;;;;;;;;;;
206350;;Dimplex dodaci;Dimplex LED L;;;Dimplex ;2590;;;;;;;;;;;;;;;;;;
206367;;Dimplex dodaci;Dimplex Mirror back panel Engine 68-400;;;Dimplex ;3490;;;;;;;;;;;;;;;;;;
205421;;Dimplex dodaci;Dimplex Mirror back panel Engine 56-400;;;Dimplex ;489;;;;;;;;;;;;;;;;;;
205414;;Dimplex dodaci;Dimplex Aluminium fuel bed 400;;;Dimplex ;489;;;;;;;;;;;;;;;;;;
204202;;Dimplex dodaci;Dimplex Transducer standard;;;Dimplex ;679;;;;;;;;;;;;;;;;;;
06023133;;Dimplex dodaci;Dimplex Transducer 500/1000;;;Dimplex ;349;;;;;;;;;;;;;;;;;;
06023602;;Dimplex dodaci;Halogen bulb 4pack;;;Dimplex ;349;;;;;;;;;;;;;;;;;;
06023090;;Dimplex dodaci;Halogen bulb 5pack;;;Dimplex ;179;;;;;;;;;;;;;;;;;;
06022999;;Dimplex dodaci;Driftwood Ignite XL 50 ;;;Dimplex ;189;;;;;;;;;;;;;;;;;;
LF50DWS-KIT;;Dimplex dodaci;Driftwood Ignite XL 74  ;;;Dimplex ;749;;;;;;;;;;;;;;;;;;
LF74DWS-KIT;;Dimplex dodaci;;;;Dimplex ;1090;;;;;;;;;;;;;;;;;;
;;;;;;;;;;;;;;;;;;;;;;;;;
;;;;;;;;;;;;;;;;;;;;;;;;;
;;;;;;;;;;;;;;;;;;;;;;;;;
;;;;;;;;;;;;;;;;;;;;;;;;;
;;;;;;;;;;;;;;;;;;;;;;;;;
;;;;;;;;;;;;;;;;;;;;;;;;;
;;;;;;;;;;;;;;;;;;;;;;;;;
;;;;;;;;;;;;;;;;;;;;;;;;;
;;;;;;;;;;;;;;;;;;;;;;;;;
;;;;;;;;;;;;;;;;;;;;;;;;;
;;;;;;;;;;;;;;;;;;;;;;;;;
;;;;;;;;;;;;;;;;;;;;;;;;;
;;;;;;;;;;;;;;;;;;;;;;;;;
;;;;;;;;;;;;;;;;;;;;;;;;;
;;;;;;;;;;;;;;;;;;;;;;;;;
;;;;;;;;;;;;;;;;;;;;;;;;;
;;;;;;;;;;;;;;;;;;;;;;;;;
;;;;;;;;;;;;;;;;;;;;;;;;;
;;;;;;;;;;;;;;;;;;;;;;;;;
;;;;;;;;;;;;;;;;;;;;;;;;;
;;;;;;;;;;;;;;;;;;;;;;;;;
;;;;;;;;;;;;;;;;;;;;;;;;;
;;;;;;;;;;;;;;;;;;;;;;;;;
;;;;;;;;;;;;;;;;;;;;;;;;;
;;;;;;;;;;;;;;;;;;;;;;;;;
;;;;;;;;;;;;;;;;;;;;;;;;;
;;;;;;;;;;;;;;;;;;;;;;;;;
;;;;;;;;;;;;;;;;;;;;;;;;;
;;;;;;;;;;;;;;;;;;;;;;;;;
;;;;;;;;;;;;;;;;;;;;;;;;;
;;;;;;;;;;;;;;;;;;;;;;;;;
;;;;;;;;;;;;;;;;;;;;;;;;;
;;;;;;;;;;;;;;;;;;;;;;;;;
;;;;;;;;;;;;;;;;;;;;;;;;;
;;;;;;;;;;;;;;;;;;;;;;;;;
;;;;;;;;;;;;;;;;;;;;;;;;;
;;;;;;;;;;;;;;;;;;;;;;;;;
;;;;;;;;;;;;;;;;;;;;;;;;;
;;;;;;;;;;;;;;;;;;;;;;;;;
;;;;;;;;;;;;;;;;;;;;;;;;;
;;;;;;;;;;;;;;;;;;;;;;;;;
;;;;;;;;;;;;;;;;;;;;;;;;;
;;;;;;;;;;;;;;;;;;;;;;;;;
;;;;;;;;;;;;;;;;;;;;;;;;;
;;;;;;;;;;;;;;;;;;;;;;;;;
;;;;;;;;;;;;;;;;;;;;;;;;;
;;;;;;;;;;;;;;;;;;;;;;;;;
;;;;;;;;;;;;;;;;;;;;;;;;;
;;;;;;;;;;;;;;;;;;;;;;;;;
;;;;;;;;;;;;;;;;;;;;;;;;;
;;;;;;;;;;;;;;;;;;;;;;;;;
;;;;;;;;;;;;;;;;;;;;;;;;;
;;;;;;;;;;;;;;;;;;;;;;;;;
;;;;;;;;;;;;;;;;;;;;;;;;;
;;;;;;;;;;;;;;;;;;;;;;;;;
;;;;;;;;;;;;;;;;;;;;;;;;;
;;;;;;;;;;;;;;;;;;;;;;;;;
;;;;;;;;;;;;;;;;;;;;;;;;;
;;;;;;;;;;;;;;;;;;;;;;;;;
;;;;;;;;;;;;;;;;;;;;;;;;;
;;;;;;;;;;;;;;;;;;;;;;;;;
;;;;;;;;;;;;;;;;;;;;;;;;;
;;;;;;;;;;;;;;;;;;;;;;;;;
;;;;;;;;;;;;;;;;;;;;;;;;;
;;;;;;;;;;;;;;;;;;;;;;;;;
;;;;;;;;;;;;;;;;;;;;;;;;;
;;;;;;;;;;;;;;;;;;;;;;;;;
;;;;;;;;;;;;;;;;;;;;;;;;;
;;;;;;;;;;;;;;;;;;;;;;;;;
;;;;;;;;;;;;;;;;;;;;;;;;;
;;;;;;;;;;;;;;;;;;;;;;;;;
;;;;;;;;;;;;;;;;;;;;;;;;;
;;;;;;;;;;;;;;;;;;;;;;;;;
;;;;;;;;;;;;;;;;;;;;;;;;;
;;;;;;;;;;;;;;;;;;;;;;;;;
;;;;;;;;;;;;;;;;;;;;;;;;;
;;;;;;;;;;;;;;;;;;;;;;;;;
;;;;;;;;;;;;;;;;;;;;;;;;;
;;;;;;;;;;;;;;;;;;;;;;;;;
;;;;;;;;;;;;;;;;;;;;;;;;;
;;;;;;;;;;;;;;;;;;;;;;;;;
;;;;;;;;;;;;;;;;;;;;;;;;;
;;;;;;;;;;;;;;;;;;;;;;;;;
;;;;;;;;;;;;;;;;;;;;;;;;;
;;;;;;;;;;;;;;;;;;;;;;;;;
;;;;;;;;;;;;;;;;;;;;;;;;;
;;;;;;;;;;;;;;;;;;;;;;;;;
;;;;;;;;;;;;;;;;;;;;;;;;;
;;;;;;;;;;;;;;;;;;;;;;;;;
;;;;;;;;;;;;;;;;;;;;;;;;;
;;;;;;;;;;;;;;;;;;;;;;;;;
;;;;;;;;;;;;;;;;;;;;;;;;;
;;;;;;;;;;;;;;;;;;;;;;;;;
;;;;;;;;;;;;;;;;;;;;;;;;;
;;;;;;;;;;;;;;;;;;;;;;;;;
;;;;;;;;;;;;;;;;;;;;;;;;;
;;;;;;;;;;;;;;;;;;;;;;;;;
;;;;;;;;;;;;;;;;;;;;;;;;;
;;;;;;;;;;;;;;;;;;;;;;;;;
;;;;;;;;;;;;;;;;;;;;;;;;;
;;;;;;;;;;;;;;;;;;;;;;;;;
;;;;;;;;;;;;;;;;;;;;;;;;;
;;;;;;;;;;;;;;;;;;;;;;;;;
;;;;;;;;;;;;;;;;;;;;;;;;;
;;;;;;;;;;;;;;;;;;;;;;;;;
;;;;;;;;;;;;;;;;;;;;;;;;;
;;;;;;;;;;;;;;;;;;;;;;;;;
;;;;;;;;;;;;;;;;;;;;;;;;;
;;;;;;;;;;;;;;;;;;;;;;;;;
;;;;;;;;;;;;;;;;;;;;;;;;;
;;;;;;;;;;;;;;;;;;;;;;;;;
;;;;;;;;;;;;;;;;;;;;;;;;;
;;;;;;;;;;;;;;;;;;;;;;;;;
;;;;;;;;;;;;;;;;;;;;;;;;;
;;;;;;;;;;;;;;;;;;;;;;;;;
;;;;;;;;;;;;;;;;;;;;;;;;;
;;;;;;;;;;;;;;;;;;;;;;;;;
;;;;;;;;;;;;;;;;;;;;;;;;;
;;;;;;;;;;;;;;;;;;;;;;;;;
;;;;;;;;;;;;;;;;;;;;;;;;;
;;;;;;;;;;;;;;;;;;;;;;;;;
;;;;;;;;;;;;;;;;;;;;;;;;;
;;;;;;;;;;;;;;;;;;;;;;;;;
;;;;;;;;;;;;;;;;;;;;;;;;;
;;;;;;;;;;;;;;;;;;;;;;;;;
;;;;;;;;;;;;;;;;;;;;;;;;;
;;;;;;;;;;;;;;;;;;;;;;;;;
;;;;;;;;;;;;;;;;;;;;;;;;;
;;;;;;;;;;;;;;;;;;;;;;;;;
;;;;;;;;;;;;;;;;;;;;;;;;;
;;;;;;;;;;;;;;;;;;;;;;;;;
;;;;;;;;;;;;;;;;;;;;;;;;;
;;;;;;;;;;;;;;;;;;;;;;;;;
;;;;;;;;;;;;;;;;;;;;;;;;;
;;;;;;;;;;;;;;;;;;;;;;;;;
;;;;;;;;;;;;;;;;;;;;;;;;;
;;;;;;;;;;;;;;;;;;;;;;;;;
;;;;;;;;;;;;;;;;;;;;;;;;;
;;;;;;;;;;;;;;;;;;;;;;;;;
;;;;;;;;;;;;;;;;;;;;;;;;;
;;;;;;;;;;;;;;;;;;;;;;;;;
;;;;;;;;;;;;;;;;;;;;;;;;;
;;;;;;;;;;;;;;;;;;;;;;;;;
;;;;;;;;;;;;;;;;;;;;;;;;;
;;;;;;;;;;;;;;;;;;;;;;;;;
;;;;;;;;;;;;;;;;;;;;;;;;;
;;;;;;;;;;;;;;;;;;;;;;;;;
;;;;;;;;;;;;;;;;;;;;;;;;;
;;;;;;;;;;;;;;;;;;;;;;;;;
;;;;;;;;;;;;;;;;;;;;;;;;;
;;;;;;;;;;;;;;;;;;;;;;;;;
;;;;;;;;;;;;;;;;;;;;;;;;;
;;;;;;;;;;;;;;;;;;;;;;;;;
;;;;;;;;;;;;;;;;;;;;;;;;;
;;;;;;;;;;;;;;;;;;;;;;;;;
;;;;;;;;;;;;;;;;;;;;;;;;;
;;;;;;;;;;;;;;;;;;;;;;;;;
;;;;;;;;;;;;;;;;;;;;;;;;;
;;;;;;;;;;;;;;;;;;;;;;;;;
;;;;;;;;;;;;;;;;;;;;;;;;;
;;;;;;;;;;;;;;;;;;;;;;;;;
;;;;;;;;;;;;;;;;;;;;;;;;;
;;;;;;;;;;;;;;;;;;;;;;;;;
;;;;;;;;;;;;;;;;;;;;;;;;;
;;;;;;;;;;;;;;;;;;;;;;;;;
;;;;;;;;;;;;;;;;;;;;;;;;;
;;;;;;;;;;;;;;;;;;;;;;;;;
;;;;;;;;;;;;;;;;;;;;;;;;;
;;;;;;;;;;;;;;;;;;;;;;;;;
;;;;;;;;;;;;;;;;;;;;;;;;;
;;;;;;;;;;;;;;;;;;;;;;;;;
;;;;;;;;;;;;;;;;;;;;;;;;;
;;;;;;;;;;;;;;;;;;;;;;;;;
;;;;;;;;;;;;;;;;;;;;;;;;;
;;;;;;;;;;;;;;;;;;;;;;;;;
;;;;;;;;;;;;;;;;;;;;;;;;;
;;;;;;;;;;;;;;;;;;;;;;;;;
;;;;;;;;;;;;;;;;;;;;;;;;;
;;;;;;;;;;;;;;;;;;;;;;;;;
;;;;;;;;;;;;;;;;;;;;;;;;;
;;;;;;;;;;;;;;;;;;;;;;;;;
;;;;;;;;;;;;;;;;;;;;;;;;;
;;;;;;;;;;;;;;;;;;;;;;;;;
;;;;;;;;;;;;;;;;;;;;;;;;;
;;;;;;;;;;;;;;;;;;;;;;;;;
;;;;;;;;;;;;;;;;;;;;;;;;;
;;;;;;;;;;;;;;;;;;;;;;;;;
;;;;;;;;;;;;;;;;;;;;;;;;;
;;;;;;;;;;;;;;;;;;;;;;;;;
;;;;;;;;;;;;;;;;;;;;;;;;;
;;;;;;;;;;;;;;;;;;;;;;;;;
;;;;;;;;;;;;;;;;;;;;;;;;;
;;;;;;;;;;;;;;;;;;;;;;;;;
;;;;;;;;;;;;;;;;;;;;;;;;;
;;;;;;;;;;;;;;;;;;;;;;;;;
;;;;;;;;;;;;;;;;;;;;;;;;;
;;;;;;;;;;;;;;;;;;;;;;;;;
;;;;;;;;;;;;;;;;;;;;;;;;;
;;;;;;;;;;;;;;;;;;;;;;;;;
;;;;;;;;;;;;;;;;;;;;;;;;;
;;;;;;;;;;;;;;;;;;;;;;;;;
;;;;;;;;;;;;;;;;;;;;;;;;;
;;;;;;;;;;;;;;;;;;;;;;;;;
;;;;;;;;;;;;;;;;;;;;;;;;;
;;;;;;;;;;;;;;;;;;;;;;;;;
;;;;;;;;;;;;;;;;;;;;;;;;;
;;;;;;;;;;;;;;;;;;;;;;;;;
;;;;;;;;;;;;;;;;;;;;;;;;;
;;;;;;;;;;;;;;;;;;;;;;;;;
;;;;;;;;;;;;;;;;;;;;;;;;;
;;;;;;;;;;;;;;;;;;;;;;;;;
;;;;;;;;;;;;;;;;;;;;;;;;;
;;;;;;;;;;;;;;;;;;;;;;;;;
;;;;;;;;;;;;;;;;;;;;;;;;;
;;;;;;;;;;;;;;;;;;;;;;;;;
;;;;;;;;;;;;;;;;;;;;;;;;;
;;;;;;;;;;;;;;;;;;;;;;;;;
;;;;;;;;;;;;;;;;;;;;;;;;;
;;;;;;;;;;;;;;;;;;;;;;;;;
;;;;;;;;;;;;;;;;;;;;;;;;;
;;;;;;;;;;;;;;;;;;;;;;;;;
;;;;;;;;;;;;;;;;;;;;;;;;;
;;;;;;;;;;;;;;;;;;;;;;;;;
;;;;;;;;;;;;;;;;;;;;;;;;;
;;;;;;;;;;;;;;;;;;;;;;;;;
;;;;;;;;;;;;;;;;;;;;;;;;;
;;;;;;;;;;;;;;;;;;;;;;;;;
;;;;;;;;;;;;;;;;;;;;;;;;;
;;;;;;;;;;;;;;;;;;;;;;;;;
;;;;;;;;;;;;;;;;;;;;;;;;;
;;;;;;;;;;;;;;;;;;;;;;;;;
;;;;;;;;;;;;;;;;;;;;;;;;;
;;;;;;;;;;;;;;;;;;;;;;;;;
;;;;;;;;;;;;;;;;;;;;;;;;;
;;;;;;;;;;;;;;;;;;;;;;;;;
;;;;;;;;;;;;;;;;;;;;;;;;;
;;;;;;;;;;;;;;;;;;;;;;;;;
;;;;;;;;;;;;;;;;;;;;;;;;;
;;;;;;;;;;;;;;;;;;;;;;;;;
;;;;;;;;;;;;;;;;;;;;;;;;;
;;;;;;;;;;;;;;;;;;;;;;;;;
;;;;;;;;;;;;;;;;;;;;;;;;;
;;;;;;;;;;;;;;;;;;;;;;;;;
;;;;;;;;;;;;;;;;;;;;;;;;;
;;;;;;;;;;;;;;;;;;;;;;;;;
;;;;;;;;;;;;;;;;;;;;;;;;;
;;;;;;;;;;;;;;;;;;;;;;;;;
;;;;;;;;;;;;;;;;;;;;;;;;;
;;;;;;;;;;;;;;;;;;;;;;;;;
;;;;;;;;;;;;;;;;;;;;;;;;;
;;;;;;;;;;;;;;;;;;;;;;;;;
;;;;;;;;;;;;;;;;;;;;;;;;;
;;;;;;;;;;;;;;;;;;;;;;;;;
;;;;;;;;;;;;;;;;;;;;;;;;;
;;;;;;;;;;;;;;;;;;;;;;;;;
;;;;;;;;;;;;;;;;;;;;;;;;;
;;;;;;;;;;;;;;;;;;;;;;;;;
;;;;;;;;;;;;;;;;;;;;;;;;;
;;;;;;;;;;;;;;;;;;;;;;;;;
;;;;;;;;;;;;;;;;;;;;;;;;;
;;;;;;;;;;;;;;;;;;;;;;;;;
;;;;;;;;;;;;;;;;;;;;;;;;;
;;;;;;;;;;;;;;;;;;;;;;;;;
;;;;;;;;;;;;;;;;;;;;;;;;;
;;;;;;;;;;;;;;;;;;;;;;;;;
;;;;;;;;;;;;;;;;;;;;;;;;;
;;;;;;;;;;;;;;;;;;;;;;;;;
;;;;;;;;;;;;;;;;;;;;;;;;;
;;;;;;;;;;;;;;;;;;;;;;;;;
;;;;;;;;;;;;;;;;;;;;;;;;;
;;;;;;;;;;;;;;;;;;;;;;;;;
;;;;;;;;;;;;;;;;;;;;;;;;;
;;;;;;;;;;;;;;;;;;;;;;;;;
;;;;;;;;;;;;;;;;;;;;;;;;;
;;;;;;;;;;;;;;;;;;;;;;;;;
;;;;;;;;;;;;;;;;;;;;;;;;;
;;;;;;;;;;;;;;;;;;;;;;;;;
;;;;;;;;;;;;;;;;;;;;;;;;;
;;;;;;;;;;;;;;;;;;;;;;;;;
;;;;;;;;;;;;;;;;;;;;;;;;;
;;;;;;;;;;;;;;;;;;;;;;;;;
;;;;;;;;;;;;;;;;;;;;;;;;;
;;;;;;;;;;;;;;;;;;;;;;;;;
;;;;;;;;;;;;;;;;;;;;;;;;;
;;;;;;;;;;;;;;;;;;;;;;;;;
;;;;;;;;;;;;;;;;;;;;;;;;;
;;;;;;;;;;;;;;;;;;;;;;;;;
;;;;;;;;;;;;;;;;;;;;;;;;;
;;;;;;;;;;;;;;;;;;;;;;;;;
;;;;;;;;;;;;;;;;;;;;;;;;;
;;;;;;;;;;;;;;;;;;;;;;;;;
;;;;;;;;;;;;;;;;;;;;;;;;;
;;;;;;;;;;;;;;;;;;;;;;;;;
;;;;;;;;;;;;;;;;;;;;;;;;;
;;;;;;;;;;;;;;;;;;;;;;;;;
;;;;;;;;;;;;;;;;;;;;;;;;;
;;;;;;;;;;;;;;;;;;;;;;;;;
;;;;;;;;;;;;;;;;;;;;;;;;;
;;;;;;;;;;;;;;;;;;;;;;;;;
;;;;;;;;;;;;;;;;;;;;;;;;;
;;;;;;;;;;;;;;;;;;;;;;;;;
;;;;;;;;;;;;;;;;;;;;;;;;;
;;;;;;;;;;;;;;;;;;;;;;;;;
;;;;;;;;;;;;;;;;;;;;;;;;;
;;;;;;;;;;;;;;;;;;;;;;;;;
;;;;;;;;;;;;;;;;;;;;;;;;;
;;;;;;;;;;;;;;;;;;;;;;;;;
;;;;;;;;;;;;;;;;;;;;;;;;;
;;;;;;;;;;;;;;;;;;;;;;;;;
;;;;;;;;;;;;;;;;;;;;;;;;;
;;;;;;;;;;;;;;;;;;;;;;;;;
;;;;;;;;;;;;;;;;;;;;;;;;;
;;;;;;;;;;;;;;;;;;;;;;;;;
;;;;;;;;;;;;;;;;;;;;;;;;;
;;;;;;;;;;;;;;;;;;;;;;;;;
;;;;;;;;;;;;;;;;;;;;;;;;;
;;;;;;;;;;;;;;;;;;;;;;;;;
;;;;;;;;;;;;;;;;;;;;;;;;;
;;;;;;;;;;;;;;;;;;;;;;;;;
;;;;;;;;;;;;;;;;;;;;;;;;;
;;;;;;;;;;;;;;;;;;;;;;;;;
;;;;;;;;;;;;;;;;;;;;;;;;;
;;;;;;;;;;;;;;;;;;;;;;;;;
;;;;;;;;;;;;;;;;;;;;;;;;;
;;;;;;;;;;;;;;;;;;;;;;;;;
;;;;;;;;;;;;;;;;;;;;;;;;;
;;;;;;;;;;;;;;;;;;;;;;;;;
;;;;;;;;;;;;;;;;;;;;;;;;;
;;;;;;;;;;;;;;;;;;;;;;;;;
;;;;;;;;;;;;;;;;;;;;;;;;;
;;;;;;;;;;;;;;;;;;;;;;;;;
;;;;;;;;;;;;;;;;;;;;;;;;;
;;;;;;;;;;;;;;;;;;;;;;;;;
;;;;;;;;;;;;;;;;;;;;;;;;;
;;;;;;;;;;;;;;;;;;;;;;;;;
;;;;;;;;;;;;;;;;;;;;;;;;;
;;;;;;;;;;;;;;;;;;;;;;;;;
;;;;;;;;;;;;;;;;;;;;;;;;;
;;;;;;;;;;;;;;;;;;;;;;;;;
;;;;;;;;;;;;;;;;;;;;;;;;;
;;;;;;;;;;;;;;;;;;;;;;;;;
;;;;;;;;;;;;;;;;;;;;;;;;;
;;;;;;;;;;;;;;;;;;;;;;;;;
;;;;;;;;;;;;;;;;;;;;;;;;;
;;;;;;;;;;;;;;;;;;;;;;;;;
;;;;;;;;;;;;;;;;;;;;;;;;;
;;;;;;;;;;;;;;;;;;;;;;;;;
;;;;;;;;;;;;;;;;;;;;;;;;;
;;;;;;;;;;;;;;;;;;;;;;;;;
;;;;;;;;;;;;;;;;;;;;;;;;;
;;;;;;;;;;;;;;;;;;;;;;;;;
;;;;;;;;;;;;;;;;;;;;;;;;;
;;;;;;;;;;;;;;;;;;;;;;;;;
;;;;;;;;;;;;;;;;;;;;;;;;;
;;;;;;;;;;;;;;;;;;;;;;;;;
;;;;;;;;;;;;;;;;;;;;;;;;;
;;;;;;;;;;;;;;;;;;;;;;;;;
;;;;;;;;;;;;;;;;;;;;;;;;;
;;;;;;;;;;;;;;;;;;;;;;;;;
;;;;;;;;;;;;;;;;;;;;;;;;;
;;;;;;;;;;;;;;;;;;;;;;;;;
;;;;;;;;;;;;;;;;;;;;;;;;;
;;;;;;;;;;;;;;;;;;;;;;;;;
;;;;;;;;;;;;;;;;;;;;;;;;;
;;;;;;;;;;;;;;;;;;;;;;;;;
;;;;;;;;;;;;;;;;;;;;;;;;;
;;;;;;;;;;;;;;;;;;;;;;;;;
;;;;;;;;;;;;;;;;;;;;;;;;;
;;;;;;;;;;;;;;;;;;;;;;;;;
;;;;;;;;;;;;;;;;;;;;;;;;;
;;;;;;;;;;;;;;;;;;;;;;;;;
;;;;;;;;;;;;;;;;;;;;;;;;;
;;;;;;;;;;;;;;;;;;;;;;;;;
;;;;;;;;;;;;;;;;;;;;;;;;;
;;;;;;;;;;;;;;;;;;;;;;;;;
;;;;;;;;;;;;;;;;;;;;;;;;;
;;;;;;;;;;;;;;;;;;;;;;;;;
;;;;;;;;;;;;;;;;;;;;;;;;;
;;;;;;;;;;;;;;;;;;;;;;;;;
;;;;;;;;;;;;;;;;;;;;;;;;;
;;;;;;;;;;;;;;;;;;;;;;;;;
;;;;;;;;;;;;;;;;;;;;;;;;;
;;;;;;;;;;;;;;;;;;;;;;;;;
;;;;;;;;;;;;;;;;;;;;;;;;;
;;;;;;;;;;;;;;;;;;;;;;;;;
;;;;;;;;;;;;;;;;;;;;;;;;;
;;;;;;;;;;;;;;;;;;;;;;;;;
;;;;;;;;;;;;;;;;;;;;;;;;;
;;;;;;;;;;;;;;;;;;;;;;;;;
;;;;;;;;;;;;;;;;;;;;;;;;;
;;;;;;;;;;;;;;;;;;;;;;;;;
;;;;;;;;;;;;;;;;;;;;;;;;;
;;;;;;;;;;;;;;;;;;;;;;;;;
;;;;;;;;;;;;;;;;;;;;;;;;;
;;;;;;;;;;;;;;;;;;;;;;;;;
;;;;;;;;;;;;;;;;;;;;;;;;;
;;;;;;;;;;;;;;;;;;;;;;;;;
;;;;;;;;;;;;;;;;;;;;;;;;;
;;;;;;;;;;;;;;;;;;;;;;;;;
;;;;;;;;;;;;;;;;;;;;;;;;;
;;;;;;;;;;;;;;;;;;;;;;;;;
;;;;;;;;;;;;;;;;;;;;;;;;;
;;;;;;;;;;;;;;;;;;;;;;;;;
;;;;;;;;;;;;;;;;;;;;;;;;;
;;;;;;;;;;;;;;;;;;;;;;;;;
;;;;;;;;;;;;;;;;;;;;;;;;;
;;;;;;;;;;;;;;;;;;;;;;;;;
;;;;;;;;;;;;;;;;;;;;;;;;;
;;;;;;;;;;;;;;;;;;;;;;;;;
;;;;;;;;;;;;;;;;;;;;;;;;;
;;;;;;;;;;;;;;;;;;;;;;;;;
;;;;;;;;;;;;;;;;;;;;;;;;;
;;;;;;;;;;;;;;;;;;;;;;;;;
;;;;;;;;;;;;;;;;;;;;;;;;;
;;;;;;;;;;;;;;;;;;;;;;;;;
;;;;;;;;;;;;;;;;;;;;;;;;;
;;;;;;;;;;;;;;;;;;;;;;;;;
;;;;;;;;;;;;;;;;;;;;;;;;;
;;;;;;;;;;;;;;;;;;;;;;;;;
;;;;;;;;;;;;;;;;;;;;;;;;;
;;;;;;;;;;;;;;;;;;;;;;;;;
;;;;;;;;;;;;;;;;;;;;;;;;;
;;;;;;;;;;;;;;;;;;;;;;;;;
;;;;;;;;;;;;;;;;;;;;;;;;;
;;;;;;;;;;;;;;;;;;;;;;;;;
;;;;;;;;;;;;;;;;;;;;;;;;;
;;;;;;;;;;;;;;;;;;;;;;;;;
;;;;;;;;;;;;;;;;;;;;;;;;;
;;;;;;;;;;;;;;;;;;;;;;;;;
;;;;;;;;;;;;;;;;;;;;;;;;;
;;;;;;;;;;;;;;;;;;;;;;;;;
;;;;;;;;;;;;;;;;;;;;;;;;;
;;;;;;;;;;;;;;;;;;;;;;;;;
;;;;;;;;;;;;;;;;;;;;;;;;;
;;;;;;;;;;;;;;;;;;;;;;;;;
;;;;;;;;;;;;;;;;;;;;;;;;;
;;;;;;;;;;;;;;;;;;;;;;;;;
;;;;;;;;;;;;;;;;;;;;;;;;;
;;;;;;;;;;;;;;;;;;;;;;;;;
;;;;;;;;;;;;;;;;;;;;;;;;;
;;;;;;;;;;;;;;;;;;;;;;;;;
;;;;;;;;;;;;;;;;;;;;;;;;;
;;;;;;;;;;;;;;;;;;;;;;;;;
;;;;;;;;;;;;;;;;;;;;;;;;;
;;;;;;;;;;;;;;;;;;;;;;;;;
;;;;;;;;;;;;;;;;;;;;;;;;;
;;;;;;;;;;;;;;;;;;;;;;;;;
;;;;;;;;;;;;;;;;;;;;;;;;;
;;;;;;;;;;;;;;;;;;;;;;;;;
;;;;;;;;;;;;;;;;;;;;;;;;;
;;;;;;;;;;;;;;;;;;;;;;;;;
;;;;;;;;;;;;;;;;;;;;;;;;;
;;;;;;;;;;;;;;;;;;;;;;;;;
;;;;;;;;;;;;;;;;;;;;;;;;;
;;;;;;;;;;;;;;;;;;;;;;;;;
;;;;;;;;;;;;;;;;;;;;;;;;;
;;;;;;;;;;;;;;;;;;;;;;;;;
;;;;;;;;;;;;;;;;;;;;;;;;;
;;;;;;;;;;;;;;;;;;;;;;;;;
;;;;;;;;;;;;;;;;;;;;;;;;;
;;;;;;;;;;;;;;;;;;;;;;;;;
;;;;;;;;;;;;;;;;;;;;;;;;;
;;;;;;;;;;;;;;;;;;;;;;;;;
;;;;;;;;;;;;;;;;;;;;;;;;;
;;;;;;;;;;;;;;;;;;;;;;;;;
;;;;;;;;;;;;;;;;;;;;;;;;;
;;;;;;;;;;;;;;;;;;;;;;;;;
;;;;;;;;;;;;;;;;;;;;;;;;;
;;;;;;;;;;;;;;;;;;;;;;;;;
;;;;;;;;;;;;;;;;;;;;;;;;;
;;;;;;;;;;;;;;;;;;;;;;;;;
;;;;;;;;;;;;;;;;;;;;;;;;;
;;;;;;;;;;;;;;;;;;;;;;;;;
;;;;;;;;;;;;;;;;;;;;;;;;;
;;;;;;;;;;;;;;;;;;;;;;;;;
;;;;;;;;;;;;;;;;;;;;;;;;;
;;;;;;;;;;;;;;;;;;;;;;;;;
;;;;;;;;;;;;;;;;;;;;;;;;;
;;;;;;;;;;;;;;;;;;;;;;;;;
;;;;;;;;;;;;;;;;;;;;;;;;;
;;;;;;;;;;;;;;;;;;;;;;;;;
;;;;;;;;;;;;;;;;;;;;;;;;;
;;;;;;;;;;;;;;;;;;;;;;;;;
;;;;;;;;;;;;;;;;;;;;;;;;;
;;;;;;;;;;;;;;;;;;;;;;;;;
;;;;;;;;;;;;;;;;;;;;;;;;;
;;;;;;;;;;;;;;;;;;;;;;;;;
;;;;;;;;;;;;;;;;;;;;;;;;;
;;;;;;;;;;;;;;;;;;;;;;;;;
;;;;;;;;;;;;;;;;;;;;;;;;;
;;;;;;;;;;;;;;;;;;;;;;;;;
;;;;;;;;;;;;;;;;;;;;;;;;;
;;;;;;;;;;;;;;;;;;;;;;;;;
;;;;;;;;;;;;;;;;;;;;;;;;;
;;;;;;;;;;;;;;;;;;;;;;;;;
;;;;;;;;;;;;;;;;;;;;;;;;;
;;;;;;;;;;;;;;;;;;;;;;;;;
;;;;;;;;;;;;;;;;;;;;;;;;;
;;;;;;;;;;;;;;;;;;;;;;;;;
;;;;;;;;;;;;;;;;;;;;;;;;;
;;;;;;;;;;;;;;;;;;;;;;;;;
;;;;;;;;;;;;;;;;;;;;;;;;;
;;;;;;;;;;;;;;;;;;;;;;;;;
;;;;;;;;;;;;;;;;;;;;;;;;;
;;;;;;;;;;;;;;;;;;;;;;;;;
;;;;;;;;;;;;;;;;;;;;;;;;;
;;;;;;;;;;;;;;;;;;;;;;;;;
;;;;;;;;;;;;;;;;;;;;;;;;;
;;;;;;;;;;;;;;;;;;;;;;;;;
;;;;;;;;;;;;;;;;;;;;;;;;;
;;;;;;;;;;;;;;;;;;;;;;;;;
;;;;;;;;;;;;;;;;;;;;;;;;;
;;;;;;;;;;;;;;;;;;;;;;;;;
;;;;;;;;;;;;;;;;;;;;;;;;;
;;;;;;;;;;;;;;;;;;;;;;;;;
;;;;;;;;;;;;;;;;;;;;;;;;;
;;;;;;;;;;;;;;;;;;;;;;;;;
;;;;;;;;;;;;;;;;;;;;;;;;;
;;;;;;;;;;;;;;;;;;;;;;;;;
;;;;;;;;;;;;;;;;;;;;;;;;;
;;;;;;;;;;;;;;;;;;;;;;;;;
;;;;;;;;;;;;;;;;;;;;;;;;;
;;;;;;;;;;;;;;;;;;;;;;;;;
;;;;;;;;;;;;;;;;;;;;;;;;;
;;;;;;;;;;;;;;;;;;;;;;;;;
;;;;;;;;;;;;;;;;;;;;;;;;;
;;;;;;;;;;;;;;;;;;;;;;;;;
;;;;;;;;;;;;;;;;;;;;;;;;;
;;;;;;;;;;;;;;;;;;;;;;;;;
;;;;;;;;;;;;;;;;;;;;;;;;;
;;;;;;;;;;;;;;;;;;;;;;;;;
;;;;;;;;;;;;;;;;;;;;;;;;;
;;;;;;;;;;;;;;;;;;;;;;;;;
;;;;;;;;;;;;;;;;;;;;;;;;;
;;;;;;;;;;;;;;;;;;;;;;;;;
;;;;;;;;;;;;;;;;;;;;;;;;;
;;;;;;;;;;;;;;;;;;;;;;;;;
;;;;;;;;;;;;;;;;;;;;;;;;;
;;;;;;;;;;;;;;;;;;;;;;;;;
;;;;;;;;;;;;;;;;;;;;;;;;;
;;;;;;;;;;;;;;;;;;;;;;;;;
;;;;;;;;;;;;;;;;;;;;;;;;;
;;;;;;;;;;;;;;;;;;;;;;;;;
;;;;;;;;;;;;;;;;;;;;;;;;;
;;;;;;;;;;;;;;;;;;;;;;;;;
;;;;;;;;;;;;;;;;;;;;;;;;;
;;;;;;;;;;;;;;;;;;;;;;;;;
;;;;;;;;;;;;;;;;;;;;;;;;;
;;;;;;;;;;;;;;;;;;;;;;;;;
;;;;;;;;;;;;;;;;;;;;;;;;;
;;;;;;;;;;;;;;;;;;;;;;;;;
;;;;;;;;;;;;;;;;;;;;;;;;;
;;;;;;;;;;;;;;;;;;;;;;;;;
;;;;;;;;;;;;;;;;;;;;;;;;;
;;;;;;;;;;;;;;;;;;;;;;;;;
;;;;;;;;;;;;;;;;;;;;;;;;;
;;;;;;;;;;;;;;;;;;;;;;;;;
;;;;;;;;;;;;;;;;;;;;;;;;;
;;;;;;;;;;;;;;;;;;;;;;;;;
;;;;;;;;;;;;;;;;;;;;;;;;;
;;;;;;;;;;;;;;;;;;;;;;;;;
;;;;;;;;;;;;;;;;;;;;;;;;;
;;;;;;;;;;;;;;;;;;;;;;;;;
;;;;;;;;;;;;;;;;;;;;;;;;;
;;;;;;;;;;;;;;;;;;;;;;;;;
;;;;;;;;;;;;;;;;;;;;;;;;;
;;;;;;;;;;;;;;;;;;;;;;;;;
;;;;;;;;;;;;;;;;;;;;;;;;;
;;;;;;;;;;;;;;;;;;;;;;;;;
;;;;;;;;;;;;;;;;;;;;;;;;;
;;;;;;;;;;;;;;;;;;;;;;;;;
;;;;;;;;;;;;;;;;;;;;;;;;;
;;;;;;;;;;;;;;;;;;;;;;;;;
;;;;;;;;;;;;;;;;;;;;;;;;;
;;;;;;;;;;;;;;;;;;;;;;;;;
;;;;;;;;;;;;;;;;;;;;;;;;;
;;;;;;;;;;;;;;;;;;;;;;;;;
;;;;;;;;;;;;;;;;;;;;;;;;;
;;;;;;;;;;;;;;;;;;;;;;;;;
;;;;;;;;;;;;;;;;;;;;;;;;;
;;;;;;;;;;;;;;;;;;;;;;;;;
;;;;;;;;;;;;;;;;;;;;;;;;;
;;;;;;;;;;;;;;;;;;;;;;;;;
;;;;;;;;;;;;;;;;;;;;;;;;;
;;;;;;;;;;;;;;;;;;;;;;;;;
;;;;;;;;;;;;;;;;;;;;;;;;;
;;;;;;;;;;;;;;;;;;;;;;;;;
;;;;;;;;;;;;;;;;;;;;;;;;;
;;;;;;;;;;;;;;;;;;;;;;;;;
;;;;;;;;;;;;;;;;;;;;;;;;;
;;;;;;;;;;;;;;;;;;;;;;;;;
;;;;;;;;;;;;;;;;;;;;;;;;;
;;;;;;;;;;;;;;;;;;;;;;;;;
;;;;;;;;;;;;;;;;;;;;;;;;;
;;;;;;;;;;;;;;;;;;;;;;;;;
;;;;;;;;;;;;;;;;;;;;;;;;;
;;;;;;;;;;;;;;;;;;;;;;;;;
;;;;;;;;;;;;;;;;;;;;;;;;;
;;;;;;;;;;;;;;;;;;;;;;;;;
;;;;;;;;;;;;;;;;;;;;;;;;;
;;;;;;;;;;;;;;;;;;;;;;;;;
;;;;;;;;;;;;;;;;;;;;;;;;;
;;;;;;;;;;;;;;;;;;;;;;;;;
;;;;;;;;;;;;;;;;;;;;;;;;;
;;;;;;;;;;;;;;;;;;;;;;;;;
;;;;;;;;;;;;;;;;;;;;;;;;;
;;;;;;;;;;;;;;;;;;;;;;;;;
;;;;;;;;;;;;;;;;;;;;;;;;;
;;;;;;;;;;;;;;;;;;;;;;;;;
;;;;;;;;;;;;;;;;;;;;;;;;;
;;;;;;;;;;;;;;;;;;;;;;;;;
;;;;;;;;;;;;;;;;;;;;;;;;;
;;;;;;;;;;;;;;;;;;;;;;;;;
;;;;;;;;;;;;;;;;;;;;;;;;;
;;;;;;;;;;;;;;;;;;;;;;;;;
;;;;;;;;;;;;;;;;;;;;;;;;;
;;;;;;;;;;;;;;;;;;;;;;;;;
;;;;;;;;;;;;;;;;;;;;;;;;;
;;;;;;;;;;;;;;;;;;;;;;;;;
;;;;;;;;;;;;;;;;;;;;;;;;;
;;;;;;;;;;;;;;;;;;;;;;;;;
;;;;;;;;;;;;;;;;;;;;;;;;;
;;;;;;;;;;;;;;;;;;;;;;;;;
;;;;;;;;;;;;;;;;;;;;;;;;;
;;;;;;;;;;;;;;;;;;;;;;;;;
;;;;;;;;;;;;;;;;;;;;;;;;;
;;;;;;;;;;;;;;;;;;;;;;;;;
;;;;;;;;;;;;;;;;;;;;;;;;;
;;;;;;;;;;;;;;;;;;;;;;;;;
;;;;;;;;;;;;;;;;;;;;;;;;;
;;;;;;;;;;;;;;;;;;;;;;;;;
;;;;;;;;;;;;;;;;;;;;;;;;;
;;;;;;;;;;;;;;;;;;;;;;;;;
;;;;;;;;;;;;;;;;;;;;;;;;;
;;;;;;;;;;;;;;;;;;;;;;;;;
;;;;;;;;;;;;;;;;;;;;;;;;;
;;;;;;;;;;;;;;;;;;;;;;;;;
;;;;;;;;;;;;;;;;;;;;;;;;;
;;;;;;;;;;;;;;;;;;;;;;;;;
;;;;;;;;;;;;;;;;;;;;;;;;;
;;;;;;;;;;;;;;;;;;;;;;;;;
;;;;;;;;;;;;;;;;;;;;;;;;;
;;;;;;;;;;;;;;;;;;;;;;;;;
;;;;;;;;;;;;;;;;;;;;;;;;;
;;;;;;;;;;;;;;;;;;;;;;;;;
;;;;;;;;;;;;;;;;;;;;;;;;;
;;;;;;;;;;;;;;;;;;;;;;;;;
;;;;;;;;;;;;;;;;;;;;;;;;;
;;;;;;;;;;;;;;;;;;;;;;;;;
;;;;;;;;;;;;;;;;;;;;;;;;;
;;;;;;;;;;;;;;;;;;;;;;;;;
;;;;;;;;;;;;;;;;;;;;;;;;;
;;;;;;;;;;;;;;;;;;;;;;;;;
;;;;;;;;;;;;;;;;;;;;;;;;;
;;;;;;;;;;;;;;;;;;;;;;;;;
;;;;;;;;;;;;;;;;;;;;;;;;;
;;;;;;;;;;;;;;;;;;;;;;;;;
;;;;;;;;;;;;;;;;;;;;;;;;;
;;;;;;;;;;;;;;;;;;;;;;;;;
;;;;;;;;;;;;;;;;;;;;;;;;;
;;;;;;;;;;;;;;;;;;;;;;;;;
;;;;;;;;;;;;;;;;;;;;;;;;;
;;;;;;;;;;;;;;;;;;;;;;;;;
;;;;;;;;;;;;;;;;;;;;;;;;;
;;;;;;;;;;;;;;;;;;;;;;;;;
;;;;;;;;;;;;;;;;;;;;;;;;;
;;;;;;;;;;;;;;;;;;;;;;;;;
;;;;;;;;;;;;;;;;;;;;;;;;;
;;;;;;;;;;;;;;;;;;;;;;;;;
;;;;;;;;;;;;;;;;;;;;;;;;;
;;;;;;;;;;;;;;;;;;;;;;;;;
;;;;;;;;;;;;;;;;;;;;;;;;;
;;;;;;;;;;;;;;;;;;;;;;;;;
;;;;;;;;;;;;;;;;;;;;;;;;;
;;;;;;;;;;;;;;;;;;;;;;;;;
;;;;;;;;;;;;;;;;;;;;;;;;;
;;;;;;;;;;;;;;;;;;;;;;;;;
;;;;;;;;;;;;;;;;;;;;;;;;;
;;;;;;;;;;;;;;;;;;;;;;;;;
;;;;;;;;;;;;;;;;;;;;;;;;;
;;;;;;;;;;;;;;;;;;;;;;;;;
;;;;;;;;;;;;;;;;;;;;;;;;;
;;;;;;;;;;;;;;;;;;;;;;;;;
;;;;;;;;;;;;;;;;;;;;;;;;;
;;;;;;;;;;;;;;;;;;;;;;;;;
;;;;;;;;;;;;;;;;;;;;;;;;;
;;;;;;;;;;;;;;;;;;;;;;;;;
;;;;;;;;;;;;;;;;;;;;;;;;;
;;;;;;;;;;;;;;;;;;;;;;;;;
;;;;;;;;;;;;;;;;;;;;;;;;;
;;;;;;;;;;;;;;;;;;;;;;;;;
;;;;;;;;;;;;;;;;;;;;;;;;;
;;;;;;;;;;;;;;;;;;;;;;;;;
;;;;;;;;;;;;;;;;;;;;;;;;;
;;;;;;;;;;;;;;;;;;;;;;;;;
;;;;;;;;;;;;;;;;;;;;;;;;;
;;;;;;;;;;;;;;;;;;;;;;;;;
;;;;;;;;;;;;;;;;;;;;;;;;;
;;;;;;;;;;;;;;;;;;;;;;;;;
;;;;;;;;;;;;;;;;;;;;;;;;;
;;;;;;;;;;;;;;;;;;;;;;;;;
;;;;;;;;;;;;;;;;;;;;;;;;;
;;;;;;;;;;;;;;;;;;;;;;;;;
;;;;;;;;;;;;;;;;;;;;;;;;;
;;;;;;;;;;;;;;;;;;;;;;;;;
;;;;;;;;;;;;;;;;;;;;;;;;;
;;;;;;;;;;;;;;;;;;;;;;;;;
;;;;;;;;;;;;;;;;;;;;;;;;;
;;;;;;;;;;;;;;;;;;;;;;;;;
;;;;;;;;;;;;;;;;;;;;;;;;;
;;;;;;;;;;;;;;;;;;;;;;;;;
;;;;;;;;;;;;;;;;;;;;;;;;;
;;;;;;;;;;;;;;;;;;;;;;;;;
;;;;;;;;;;;;;;;;;;;;;;;;;
;;;;;;;;;;;;;;;;;;;;;;;;;
;;;;;;;;;;;;;;;;;;;;;;;;;
;;;;;;;;;;;;;;;;;;;;;;;;;
;;;;;;;;;;;;;;;;;;;;;;;;;
;;;;;;;;;;;;;;;;;;;;;;;;;
;;;;;;;;;;;;;;;;;;;;;;;;;
;;;;;;;;;;;;;;;;;;;;;;;;;
;;;;;;;;;;;;;;;;;;;;;;;;;
;;;;;;;;;;;;;;;;;;;;;;;;;
;;;;;;;;;;;;;;;;;;;;;;;;;
;;;;;;;;;;;;;;;;;;;;;;;;;
;;;;;;;;;;;;;;;;;;;;;;;;;
;;;;;;;;;;;;;;;;;;;;;;;;;
;;;;;;;;;;;;;;;;;;;;;;;;;
;;;;;;;;;;;;;;;;;;;;;;;;;
;;;;;;;;;;;;;;;;;;;;;;;;;
;;;;;;;;;;;;;;;;;;;;;;;;;
;;;;;;;;;;;;;;;;;;;;;;;;;
;;;;;;;;;;;;;;;;;;;;;;;;;
;;;;;;;;;;;;;;;;;;;;;;;;;
;;;;;;;;;;;;;;;;;;;;;;;;;
;;;;;;;;;;;;;;;;;;;;;;;;;
;;;;;;;;;;;;;;;;;;;;;;;;;
;;;;;;;;;;;;;;;;;;;;;;;;;
;;;;;;;;;;;;;;;;;;;;;;;;;
;;;;;;;;;;;;;;;;;;;;;;;;;
;;;;;;;;;;;;;;;;;;;;;;;;;
;;;;;;;;;;;;;;;;;;;;;;;;;
;;;;;;;;;;;;;;;;;;;;;;;;;
;;;;;;;;;;;;;;;;;;;;;;;;;
;;;;;;;;;;;;;;;;;;;;;;;;;
;;;;;;;;;;;;;;;;;;;;;;;;;
;;;;;;;;;;;;;;;;;;;;;;;;;
;;;;;;;;;;;;;;;;;;;;;;;;;
;;;;;;;;;;;;;;;;;;;;;;;;;
;;;;;;;;;;;;;;;;;;;;;;;;;
;;;;;;;;;;;;;;;;;;;;;;;;;
;;;;;;;;;;;;;;;;;;;;;;;;;
;;;;;;;;;;;;;;;;;;;;;;;;;
;;;;;;;;;;;;;;;;;;;;;;;;;
;;;;;;;;;;;;;;;;;;;;;;;;;
;;;;;;;;;;;;;;;;;;;;;;;;;
;;;;;;;;;;;;;;;;;;;;;;;;;
;;;;;;;;;;;;;;;;;;;;;;;;;
;;;;;;;;;;;;;;;;;;;;;;;;;
;;;;;;;;;;;;;;;;;;;;;;;;;
;;;;;;;;;;;;;;;;;;;;;;;;;
;;;;;;;;;;;;;;;;;;;;;;;;;
;;;;;;;;;;;;;;;;;;;;;;;;;
;;;;;;;;;;;;;;;;;;;;;;;;;
;;;;;;;;;;;;;;;;;;;;;;;;;
;;;;;;;;;;;;;;;;;;;;;;;;;
;;;;;;;;;;;;;;;;;;;;;;;;;
;;;;;;;;;;;;;;;;;;;;;;;;;
;;;;;;;;;;;;;;;;;;;;;;;;;
;;;;;;;;;;;;;;;;;;;;;;;;;
;;;;;;;;;;;;;;;;;;;;;;;;;
;;;;;;;;;;;;;;;;;;;;;;;;;
;;;;;;;;;;;;;;;;;;;;;;;;;
;;;;;;;;;;;;;;;;;;;;;;;;;
;;;;;;;;;;;;;;;;;;;;;;;;;
;;;;;;;;;;;;;;;;;;;;;;;;;
;;;;;;;;;;;;;;;;;;;;;;;;;
;;;;;;;;;;;;;;;;;;;;;;;;;
;;;;;;;;;;;;;;;;;;;;;;;;;
;;;;;;;;;;;;;;;;;;;;;;;;;
;;;;;;;;;;;;;;;;;;;;;;;;;
;;;;;;;;;;;;;;;;;;;;;;;;;
;;;;;;;;;;;;;;;;;;;;;;;;;
;;;;;;;;;;;;;;;;;;;;;;;;;
;;;;;;;;;;;;;;;;;;;;;;;;;
;;;;;;;;;;;;;;;;;;;;;;;;;
;;;;;;;;;;;;;;;;;;;;;;;;;
;;;;;;;;;;;;;;;;;;;;;;;;;
;;;;;;;;;;;;;;;;;;;;;;;;;
;;;;;;;;;;;;;;;;;;;;;;;;;
;;;;;;;;;;;;;;;;;;;;;;;;;
;;;;;;;;;;;;;;;;;;;;;;;;;
;;;;;;;;;;;;;;;;;;;;;;;;;
;;;;;;;;;;;;;;;;;;;;;;;;;
;;;;;;;;;;;;;;;;;;;;;;;;;
;;;;;;;;;;;;;;;;;;;;;;;;;
;;;;;;;;;;;;;;;;;;;;;;;;;
;;;;;;;;;;;;;;;;;;;;;;;;;
;;;;;;;;;;;;;;;;;;;;;;;;;
;;;;;;;;;;;;;;;;;;;;;;;;;
;;;;;;;;;;;;;;;;;;;;;;;;;
;;;;;;;;;;;;;;;;;;;;;;;;;
;;;;;;;;;;;;;;;;;;;;;;;;;
;;;;;;;;;;;;;;;;;;;;;;;;;
;;;;;;;;;;;;;;;;;;;;;;;;;
;;;;;;;;;;;;;;;;;;;;;;;;;
;;;;;;;;;;;;;;;;;;;;;;;;;
;;;;;;;;;;;;;;;;;;;;;;;;;
;;;;;;;;;;;;;;;;;;;;;;;;;
;;;;;;;;;;;;;;;;;;;;;;;;;
;;;;;;;;;;;;;;;;;;;;;;;;;
;;;;;;;;;;;;;;;;;;;;;;;;;
;;;;;;;;;;;;;;;;;;;;;;;;;
;;;;;;;;;;;;;;;;;;;;;;;;;
;;;;;;;;;;;;;;;;;;;;;;;;;
;;;;;;;;;;;;;;;;;;;;;;;;;
;;;;;;;;;;;;;;;;;;;;;;;;;
;;;;;;;;;;;;;;;;;;;;;;;;;
;;;;;;;;;;;;;;;;;;;;;;;;;
;;;;;;;;;;;;;;;;;;;;;;;;;
;;;;;;;;;;;;;;;;;;;;;;;;;
;;;;;;;;;;;;;;;;;;;;;;;;;
;;;;;;;;;;;;;;;;;;;;;;;;;
;;;;;;;;;;;;;;;;;;;;;;;;;
;;;;;;;;;;;;;;;;;;;;;;;;;
;;;;;;;;;;;;;;;;;;;;;;;;;
;;;;;;;;;;;;;;;;;;;;;;;;;
;;;;;;;;;;;;;;;;;;;;;;;;;
;;;;;;;;;;;;;;;;;;;;;;;;;
;;;;;;;;;;;;;;;;;;;;;;;;;
;;;;;;;;;;;;;;;;;;;;;;;;;
;;;;;;;;;;;;;;;;;;;;;;;;;
;;;;;;;;;;;;;;;;;;;;;;;;;
;;;;;;;;;;;;;;;;;;;;;;;;;
;;;;;;;;;;;;;;;;;;;;;;;;;
;;;;;;;;;;;;;;;;;;;;;;;;;
;;;;;;;;;;;;;;;;;;;;;;;;;
;;;;;;;;;;;;;;;;;;;;;;;;;
;;;;;;;;;;;;;;;;;;;;;;;;;
;;;;;;;;;;;;;;;;;;;;;;;;;
;;;;;;;;;;;;;;;;;;;;;;;;;
;;;;;;;;;;;;;;;;;;;;;;;;;
;;;;;;;;;;;;;;;;;;;;;;;;;
;;;;;;;;;;;;;;;;;;;;;;;;;
;;;;;;;;;;;;;;;;;;;;;;;;;
;;;;;;;;;;;;;;;;;;;;;;;;;
;;;;;;;;;;;;;;;;;;;;;;;;;
;;;;;;;;;;;;;;;;;;;;;;;;;
;;;;;;;;;;;;;;;;;;;;;;;;;
;;;;;;;;;;;;;;;;;;;;;;;;;
;;;;;;;;;;;;;;;;;;;;;;;;;
;;;;;;;;;;;;;;;;;;;;;;;;;
;;;;;;;;;;;;;;;;;;;;;;;;;
;;;;;;;;;;;;;;;;;;;;;;;;;
;;;;;;;;;;;;;;;;;;;;;;;;;
;;;;;;;;;;;;;;;;;;;;;;;;;
;;;;;;;;;;;;;;;;;;;;;;;;;
;;;;;;;;;;;;;;;;;;;;;;;;;
;;;;;;;;;;;;;;;;;;;;;;;;;
;;;;;;;;;;;;;;;;;;;;;;;;;
;;;;;;;;;;;;;;;;;;;;;;;;;
;;;;;;;;;;;;;;;;;;;;;;;;;
;;;;;;;;;;;;;;;;;;;;;;;;;
;;;;;;;;;;;;;;;;;;;;;;;;;
;;;;;;;;;;;;;;;;;;;;;;;;;
;;;;;;;;;;;;;;;;;;;;;;;;;
;;;;;;;;;;;;;;;;;;;;;;;;;
;;;;;;;;;;;;;;;;;;;;;;;;;
;;;;;;;;;;;;;;;;;;;;;;;;;
;;;;;;;;;;;;;;;;;;;;;;;;;
;;;;;;;;;;;;;;;;;;;;;;;;;
;;;;;;;;;;;;;;;;;;;;;;;;;
;;;;;;;;;;;;;;;;;;;;;;;;;
;;;;;;;;;;;;;;;;;;;;;;;;;
;;;;;;;;;;;;;;;;;;;;;;;;;
;;;;;;;;;;;;;;;;;;;;;;;;;
;;;;;;;;;;;;;;;;;;;;;;;;;
;;;;;;;;;;;;;;;;;;;;;;;;;
;;;;;;;;;;;;;;;;;;;;;;;;;
;;;;;;;;;;;;;;;;;;;;;;;;;
;;;;;;;;;;;;;;;;;;;;;;;;;
;;;;;;;;;;;;;;;;;;;;;;;;;
;;;;;;;;;;;;;;;;;;;;;;;;;
;;;;;;;;;;;;;;;;;;;;;;;;;
;;;;;;;;;;;;;;;;;;;;;;;;;
;;;;;;;;;;;;;;;;;;;;;;;;;
;;;;;;;;;;;;;;;;;;;;;;;;;
;;;;;;;;;;;;;;;;;;;;;;;;;
;;;;;;;;;;;;;;;;;;;;;;;;;
;;;;;;;;;;;;;;;;;;;;;;;;;
;;;;;;;;;;;;;;;;;;;;;;;;;
;;;;;;;;;;;;;;;;;;;;;;;;;
;;;;;;;;;;;;;;;;;;;;;;;;;
;;;;;;;;;;;;;;;;;;;;;;;;;
;;;;;;;;;;;;;;;;;;;;;;;;;
;;;;;;;;;;;;;;;;;;;;;;;;;
;;;;;;;;;;;;;;;;;;;;;;;;;
;;;;;;;;;;;;;;;;;;;;;;;;;
;;;;;;;;;;;;;;;;;;;;;;;;;
;;;;;;;;;;;;;;;;;;;;;;;;;
;;;;;;;;;;;;;;;;;;;;;;;;;
;;;;;;;;;;;;;;;;;;;;;;;;;
;;;;;;;;;;;;;;;;;;;;;;;;;
;;;;;;;;;;;;;;;;;;;;;;;;;
;;;;;;;;;;;;;;;;;;;;;;;;;
;;;;;;;;;;;;;;;;;;;;;;;;;
;;;;;;;;;;;;;;;;;;;;;;;;;
;;;;;;;;;;;;;;;;;;;;;;;;;
;;;;;;;;;;;;;;;;;;;;;;;;;
;;;;;;;;;;;;;;;;;;;;;;;;;
;;;;;;;;;;;;;;;;;;;;;;;;;
;;;;;;;;;;;;;;;;;;;;;;;;;
;;;;;;;;;;;;;;;;;;;;;;;;;
;;;;;;;;;;;;;;;;;;;;;;;;;
;;;;;;;;;;;;;;;;;;;;;;;;;
;;;;;;;;;;;;;;;;;;;;;;;;;
;;;;;;;;;;;;;;;;;;;;;;;;;
;;;;;;;;;;;;;;;;;;;;;;;;;
;;;;;;;;;;;;;;;;;;;;;;;;;
;;;;;;;;;;;;;;;;;;;;;;;;;
;;;;;;;;;;;;;;;;;;;;;;;;;
;;;;;;;;;;;;;;;;;;;;;;;;;
;;;;;;;;;;;;;;;;;;;;;;;;;
;;;;;;;;;;;;;;;;;;;;;;;;;
;;;;;;;;;;;;;;;;;;;;;;;;;
;;;;;;;;;;;;;;;;;;;;;;;;;
;;;;;;;;;;;;;;;;;;;;;;;;;
;;;;;;;;;;;;;;;;;;;;;;;;;
;;;;;;;;;;;;;;;;;;;;;;;;;
;;;;;;;;;;;;;;;;;;;;;;;;;
;;;;;;;;;;;;;;;;;;;;;;;;;
;;;;;;;;;;;;;;;;;;;;;;;;;
;;;;;;;;;;;;;;;;;;;;;;;;;
;;;;;;;;;;;;;;;;;;;;;;;;;
;;;;;;;;;;;;;;;;;;;;;;;;;
;;;;;;;;;;;;;;;;;;;;;;;;;
;;;;;;;;;;;;;;;;;;;;;;;;;
;;;;;;;;;;;;;;;;;;;;;;;;;
;;;;;;;;;;;;;;;;;;;;;;;;;
;;;;;;;;;;;;;;;;;;;;;;;;;
;;;;;;;;;;;;;;;;;;;;;;;;;
;;;;;;;;;;;;;;;;;;;;;;;;;
;;;;;;;;;;;;;;;;;;;;;;;;;
;;;;;;;;;;;;;;;;;;;;;;;;;
;;;;;;;;;;;;;;;;;;;;;;;;;
;;;;;;;;;;;;;;;;;;;;;;;;;
;;;;;;;;;;;;;;;;;;;;;;;;;
;;;;;;;;;;;;;;;;;;;;;;;;;
;;;;;;;;;;;;;;;;;;;;;;;;;
;;;;;;;;;;;;;;;;;;;;;;;;;
;;;;;;;;;;;;;;;;;;;;;;;;;
;;;;;;;;;;;;;;;;;;;;;;;;;
;;;;;;;;;;;;;;;;;;;;;;;;;
;;;;;;;;;;;;;;;;;;;;;;;;;
;;;;;;;;;;;;;;;;;;;;;;;;;
;;;;;;;;;;;;;;;;;;;;;;;;;
;;;;;;;;;;;;;;;;;;;;;;;;;
;;;;;;;;;;;;;;;;;;;;;;;;;
;;;;;;;;;;;;;;;;;;;;;;;;;
;;;;;;;;;;;;;;;;;;;;;;;;;
;;;;;;;;;;;;;;;;;;;;;;;;;
;;;;;;;;;;;;;;;;;;;;;;;;;
;;;;;;;;;;;;;;;;;;;;;;;;;
;;;;;;;;;;;;;;;;;;;;;;;;;
;;;;;;;;;;;;;;;;;;;;;;;;;
;;;;;;;;;;;;;;;;;;;;;;;;;
;;;;;;;;;;;;;;;;;;;;;;;;;
;;;;;;;;;;;;;;;;;;;;;;;;;
;;;;;;;;;;;;;;;;;;;;;;;;;
;;;;;;;;;;;;;;;;;;;;;;;;;
;;;;;;;;;;;;;;;;;;;;;;;;;
;;;;;;;;;;;;;;;;;;;;;;;;;
;;;;;;;;;;;;;;;;;;;;;;;;;
;;;;;;;;;;;;;;;;;;;;;;;;;
;;;;;;;;;;;;;;;;;;;;;;;;;
;;;;;;;;;;;;;;;;;;;;;;;;;
;;;;;;;;;;;;;;;;;;;;;;;;;
;;;;;;;;;;;;;;;;;;;;;;;;;
;;;;;;;;;;;;;;;;;;;;;;;;;
;;;;;;;;;;;;;;;;;;;;;;;;;
;;;;;;;;;;;;;;;;;;;;;;;;;
;;;;;;;;;;;;;;;;;;;;;;;;;
;;;;;;;;;;;;;;;;;;;;;;;;;
;;;;;;;;;;;;;;;;;;;;;;;;;
;;;;;;;;;;;;;;;;;;;;;;;;;
;;;;;;;;;;;;;;;;;;;;;;;;;
;;;;;;;;;;;;;;;;;;;;;;;;;
;;;;;;;;;;;;;;;;;;;;;;;;;
;;;;;;;;;;;;;;;;;;;;;;;;;
;;;;;;;;;;;;;;;;;;;;;;;;;
;;;;;;;;;;;;;;;;;;;;;;;;;
;;;;;;;;;;;;;;;;;;;;;;;;;
;;;;;;;;;;;;;;;;;;;;;;;;;
;;;;;;;;;;;;;;;;;;;;;;;;;
;;;;;;;;;;;;;;;;;;;;;;;;;
;;;;;;;;;;;;;;;;;;;;;;;;;
;;;;;;;;;;;;;;;;;;;;;;;;;
;;;;;;;;;;;;;;;;;;;;;;;;;
;;;;;;;;;;;;;;;;;;;;;;;;;
;;;;;;;;;;;;;;;;;;;;;;;;;
;;;;;;;;;;;;;;;;;;;;;;;;;
;;;;;;;;;;;;;;;;;;;;;;;;;
;;;;;;;;;;;;;;;;;;;;;;;;;
;;;;;;;;;;;;;;;;;;;;;;;;;
;;;;;;;;;;;;;;;;;;;;;;;;;
;;;;;;;;;;;;;;;;;;;;;;;;;
;;;;;;;;;;;;;;;;;;;;;;;;;
;;;;;;;;;;;;;;;;;;;;;;;;;
;;;;;;;;;;;;;;;;;;;;;;;;;
;;;;;;;;;;;;;;;;;;;;;;;;;
;;;;;;;;;;;;;;;;;;;;;;;;;
;;;;;;;;;;;;;;;;;;;;;;;;;
;;;;;;;;;;;;;;;;;;;;;;;;;
;;;;;;;;;;;;;;;;;;;;;;;;;
;;;;;;;;;;;;;;;;;;;;;;;;;
;;;;;;;;;;;;;;;;;;;;;;;;;
;;;;;;;;;;;;;;;;;;;;;;;;;
;;;;;;;;;;;;;;;;;;;;;;;;;
;;;;;;;;;;;;;;;;;;;;;;;;;
;;;;;;;;;;;;;;;;;;;;;;;;;
;;;;;;;;;;;;;;;;;;;;;;;;;
;;;;;;;;;;;;;;;;;;;;;;;;;
;;;;;;;;;;;;;;;;;;;;;;;;;
;;;;;;;;;;;;;;;;;;;;;;;;;
;;;;;;;;;;;;;;;;;;;;;;;;;
;;;;;;;;;;;;;;;;;;;;;;;;;
;;;;;;;;;;;;;;;;;;;;;;;;;
;;;;;;;;;;;;;;;;;;;;;;;;;
;;;;;;;;;;;;;;;;;;;;;;;;;
;;;;;;;;;;;;;;;;;;;;;;;;;
;;;;;;;;;;;;;;;;;;;;;;;;;
;;;;;;;;;;;;;;;;;;;;;;;;;
;;;;;;;;;;;;;;;;;;;;;;;;;
;;;;;;;;;;;;;;;;;;;;;;;;;
;;;;;;;;;;;;;;;;;;;;;;;;;
;;;;;;;;;;;;;;;;;;;;;;;;;
;;;;;;;;;;;;;;;;;;;;;;;;;
;;;;;;;;;;;;;;;;;;;;;;;;;
;;;;;;;;;;;;;;;;;;;;;;;;;
;;;;;;;;;;;;;;;;;;;;;;;;;
;;;;;;;;;;;;;;;;;;;;;;;;;
;;;;;;;;;;;;;;;;;;;;;;;;;
;;;;;;;;;;;;;;;;;;;;;;;;;
;;;;;;;;;;;;;;;;;;;;;;;;;
;;;;;;;;;;;;;;;;;;;;;;;;;
;;;;;;;;;;;;;;;;;;;;;;;;;
;;;;;;;;;;;;;;;;;;;;;;;;;
;;;;;;;;;;;;;;;;;;;;;;;;;
;;;;;;;;;;;;;;;;;;;;;;;;;
;;;;;;;;;;;;;;;;;;;;;;;;;
;;;;;;;;;;;;;;;;;;;;;;;;;
;;;;;;;;;;;;;;;;;;;;;;;;;
;;;;;;;;;;;;;;;;;;;;;;;;;
;;;;;;;;;;;;;;;;;;;;;;;;;
;;;;;;;;;;;;;;;;;;;;;;;;;
;;;;;;;;;;;;;;;;;;;;;;;;;
;;;;;;;;;;;;;;;;;;;;;;;;;
;;;;;;;;;;;;;;;;;;;;;;;;;
;;;;;;;;;;;;;;;;;;;;;;;;;
;;;;;;;;;;;;;;;;;;;;;;;;;
;;;;;;;;;;;;;;;;;;;;;;;;;
;;;;;;;;;;;;;;;;;;;;;;;;;
;;;;;;;;;;;;;;;;;;;;;;;;;
;;;;;;;;;;;;;;;;;;;;;;;;;
;;;;;;;;;;;;;;;;;;;;;;;;;
;;;;;;;;;;;;;;;;;;;;;;;;;
;;;;;;;;;;;;;;;;;;;;;;;;;
;;;;;;;;;;;;;;;;;;;;;;;;;
;;;;;;;;;;;;;;;;;;;;;;;;;
;;;;;;;;;;;;;;;;;;;;;;;;;
;;;;;;;;;;;;;;;;;;;;;;;;;
;;;;;;;;;;;;;;;;;;;;;;;;;
;;;;;;;;;;;;;;;;;;;;;;;;;
;;;;;;;;;;;;;;;;;;;;;;;;;
;;;;;;;;;;;;;;;;;;;;;;;;;
;;;;;;;;;;;;;;;;;;;;;;;;;
;;;;;;;;;;;;;;;;;;;;;;;;;
;;;;;;;;;;;;;;;;;;;;;;;;;
;;;;;;;;;;;;;;;;;;;;;;;;;
;;;;;;;;;;;;;;;;;;;;;;;;;
;;;;;;;;;;;;;;;;;;;;;;;;;
;;;;;;;;;;;;;;;;;;;;;;;;;
;;;;;;;;;;;;;;;;;;;;;;;;;
;;;;;;;;;;;;;;;;;;;;;;;;;
;;;;;;;;;;;;;;;;;;;;;;;;;
;;;;;;;;;;;;;;;;;;;;;;;;;
;;;;;;;;;;;;;;;;;;;;;;;;;
;;;;;;;;;;;;;;;;;;;;;;;;;
;;;;;;;;;;;;;;;;;;;;;;;;;
;;;;;;;;;;;;;;;;;;;;;;;;;
;;;;;;;;;;;;;;;;;;;;;;;;;
;;;;;;;;;;;;;;;;;;;;;;;;;
;;;;;;;;;;;;;;;;;;;;;;;;;
;;;;;;;;;;;;;;;;;;;;;;;;;
;;;;;;;;;;;;;;;;;;;;;;;;;
;;;;;;;;;;;;;;;;;;;;;;;;;
;;;;;;;;;;;;;;;;;;;;;;;;;
;;;;;;;;;;;;;;;;;;;;;;;;;
;;;;;;;;;;;;;;;;;;;;;;;;;
;;;;;;;;;;;;;;;;;;;;;;;;;
;;;;;;;;;;;;;;;;;;;;;;;;;
;;;;;;;;;;;;;;;;;;;;;;;;;
;;;;;;;;;;;;;;;;;;;;;;;;;
;;;;;;;;;;;;;;;;;;;;;;;;;
;;;;;;;;;;;;;;;;;;;;;;;;;
;;;;;;;;;;;;;;;;;;;;;;;;;
;;;;;;;;;;;;;;;;;;;;;;;;;
;;;;;;;;;;;;;;;;;;;;;;;;;
;;;;;;;;;;;;;;;;;;;;;;;;;
;;;;;;;;;;;;;;;;;;;;;;;;;
;;;;;;;;;;;;;;;;;;;;;;;;;
;;;;;;;;;;;;;;;;;;;;;;;;;
;;;;;;;;;;;;;;;;;;;;;;;;;
;;;;;;;;;;;;;;;;;;;;;;;;;
;;;;;;;;;;;;;;;;;;;;;;;;;
;;;;;;;;;;;;;;;;;;;;;;;;;
;;;;;;;;;;;;;;;;;;;;;;;;;
;;;;;;;;;;;;;;;;;;;;;;;;;
;;;;;;;;;;;;;;;;;;;;;;;;;
;;;;;;;;;;;;;;;;;;;;;;;;;
;;;;;;;;;;;;;;;;;;;;;;;;;
;;;;;;;;;;;;;;;;;;;;;;;;;
;;;;;;;;;;;;;;;;;;;;;;;;;
;;;;;;;;;;;;;;;;;;;;;;;;;
;;;;;;;;;;;;;;;;;;;;;;;;;
;;;;;;;;;;;;;;;;;;;;;;;;;
;;;;;;;;;;;;;;;;;;;;;;;;;
;;;;;;;;;;;;;;;;;;;;;;;;;
;;;;;;;;;;;;;;;;;;;;;;;;;
;;;;;;;;;;;;;;;;;;;;;;;;;
;;;;;;;;;;;;;;;;;;;;;;;;;
;;;;;;;;;;;;;;;;;;;;;;;;;
;;;;;;;;;;;;;;;;;;;;;;;;;
;;;;;;;;;;;;;;;;;;;;;;;;;
;;;;;;;;;;;;;;;;;;;;;;;;;
;;;;;;;;;;;;;;;;;;;;;;;;;
;;;;;;;;;;;;;;;;;;;;;;;;;
;;;;;;;;;;;;;;;;;;;;;;;;;
;;;;;;;;;;;;;;;;;;;;;;;;;
;;;;;;;;;;;;;;;;;;;;;;;;;
;;;;;;;;;;;;;;;;;;;;;;;;;
;;;;;;;;;;;;;;;;;;;;;;;;;
;;;;;;;;;;;;;;;;;;;;;;;;;
;;;;;;;;;;;;;;;;;;;;;;;;;
;;;;;;;;;;;;;;;;;;;;;;;;;
;;;;;;;;;;;;;;;;;;;;;;;;;
;;;;;;;;;;;;;;;;;;;;;;;;;
;;;;;;;;;;;;;;;;;;;;;;;;;
;;;;;;;;;;;;;;;;;;;;;;;;;
;;;;;;;;;;;;;;;;;;;;;;;;;
;;;;;;;;;;;;;;;;;;;;;;;;;
;;;;;;;;;;;;;;;;;;;;;;;;;
;;;;;;;;;;;;;;;;;;;;;;;;;
;;;;;;;;;;;;;;;;;;;;;;;;;
;;;;;;;;;;;;;;;;;;;;;;;;;
;;;;;;;;;;;;;;;;;;;;;;;;;
;;;;;;;;;;;;;;;;;;;;;;;;;
;;;;;;;;;;;;;;;;;;;;;;;;;
;;;;;;;;;;;;;;;;;;;;;;;;;
;;;;;;;;;;;;;;;;;;;;;;;;;
;;;;;;;;;;;;;;;;;;;;;;;;;
;;;;;;;;;;;;;;;;;;;;;;;;;
;;;;;;;;;;;;;;;;;;;;;;;;;
;;;;;;;;;;;;;;;;;;;;;;;;;
;;;;;;;;;;;;;;;;;;;;;;;;;
;;;;;;;;;;;;;;;;;;;;;;;;;
;;;;;;;;;;;;;;;;;;;;;;;;;
;;;;;;;;;;;;;;;;;;;;;;;;;
;;;;;;;;;;;;;;;;;;;;;;;;;
;;;;;;;;;;;;;;;;;;;;;;;;;
;;;;;;;;;;;;;;;;;;;;;;;;;
;;;;;;;;;;;;;;;;;;;;;;;;;
;;;;;;;;;;;;;;;;;;;;;;;;;
;;;;;;;;;;;;;;;;;;;;;;;;;
;;;;;;;;;;;;;;;;;;;;;;;;;
;;;;;;;;;;;;;;;;;;;;;;;;;
;;;;;;;;;;;;;;;;;;;;;;;;;
;;;;;;;;;;;;;;;;;;;;;;;;;
;;;;;;;;;;;;;;;;;;;;;;;;;
;;;;;;;;;;;;;;;;;;;;;;;;;
;;;;;;;;;;;;;;;;;;;;;;;;;
;;;;;;;;;;;;;;;;;;;;;;;;;
;;;;;;;;;;;;;;;;;;;;;;;;;
;;;;;;;;;;;;;;;;;;;;;;;;;
;;;;;;;;;;;;;;;;;;;;;;;;;
;;;;;;;;;;;;;;;;;;;;;;;;;
;;;;;;;;;;;;;;;;;;;;;;;;;
;;;;;;;;;;;;;;;;;;;;;;;;;
;;;;;;;;;;;;;;;;;;;;;;;;;
;;;;;;;;;;;;;;;;;;;;;;;;;
;;;;;;;;;;;;;;;;;;;;;;;;;
;;;;;;;;;;;;;;;;;;;;;;;;;
;;;;;;;;;;;;;;;;;;;;;;;;;
;;;;;;;;;;;;;;;;;;;;;;;;;
;;;;;;;;;;;;;;;;;;;;;;;;;
;;;;;;;;;;;;;;;;;;;;;;;;;
;;;;;;;;;;;;;;;;;;;;;;;;;
;;;;;;;;;;;;;;;;;;;;;;;;;
;;;;;;;;;;;;;;;;;;;;;;;;;
;;;;;;;;;;;;;;;;;;;;;;;;;
;;;;;;;;;;;;;;;;;;;;;;;;;
;;;;;;;;;;;;;;;;;;;;;;;;;
;;;;;;;;;;;;;;;;;;;;;;;;;
;;;;;;;;;;;;;;;;;;;;;;;;;
;;;;;;;;;;;;;;;;;;;;;;;;;
;;;;;;;;;;;;;;;;;;;;;;;;;
;;;;;;;;;;;;;;;;;;;;;;;;;
;;;;;;;;;;;;;;;;;;;;;;;;;
;;;;;;;;;;;;;;;;;;;;;;;;;
;;;;;;;;;;;;;;;;;;;;;;;;;
;;;;;;;;;;;;;;;;;;;;;;;;;
;;;;;;;;;;;;;;;;;;;;;;;;;
;;;;;;;;;;;;;;;;;;;;;;;;;
;;;;;;;;;;;;;;;;;;;;;;;;;
;;;;;;;;;;;;;;;;;;;;;;;;;
;;;;;;;;;;;;;;;;;;;;;;;;;
;;;;;;;;;;;;;;;;;;;;;;;;;
;;;;;;;;;;;;;;;;;;;;;;;;;
;;;;;;;;;;;;;;;;;;;;;;;;;
;;;;;;;;;;;;;;;;;;;;;;;;;
;;;;;;;;;;;;;;;;;;;;;;;;;
;;;;;;;;;;;;;;;;;;;;;;;;;
;;;;;;;;;;;;;;;;;;;;;;;;;
;;;;;;;;;;;;;;;;;;;;;;;;;
;;;;;;;;;;;;;;;;;;;;;;;;;
;;;;;;;;;;;;;;;;;;;;;;;;;
;;;;;;;;;;;;;;;;;;;;;;;;;
;;;;;;;;;;;;;;;;;;;;;;;;;
;;;;;;;;;;;;;;;;;;;;;;;;;
;;;;;;;;;;;;;;;;;;;;;;;;;
;;;;;;;;;;;;;;;;;;;;;;;;;
;;;;;;;;;;;;;;;;;;;;;;;;;
;;;;;;;;;;;;;;;;;;;;;;;;;
;;;;;;;;;;;;;;;;;;;;;;;;;
;;;;;;;;;;;;;;;;;;;;;;;;;
;;;;;;;;;;;;;;;;;;;;;;;;;
;;;;;;;;;;;;;;;;;;;;;;;;;
;;;;;;;;;;;;;;;;;;;;;;;;;
;;;;;;;;;;;;;;;;;;;;;;;;;
;;;;;;;;;;;;;;;;;;;;;;;;;
;;;;;;;;;;;;;;;;;;;;;;;;;
;;;;;;;;;;;;;;;;;;;;;;;;;
;;;;;;;;;;;;;;;;;;;;;;;;;
;;;;;;;;;;;;;;;;;;;;;;;;;
;;;;;;;;;;;;;;;;;;;;;;;;;
;;;;;;;;;;;;;;;;;;;;;;;;;
;;;;;;;;;;;;;;;;;;;;;;;;;
;;;;;;;;;;;;;;;;;;;;;;;;;
;;;;;;;;;;;;;;;;;;;;;;;;;
;;;;;;;;;;;;;;;;;;;;;;;;;
;;;;;;;;;;;;;;;;;;;;;;;;;
;;;;;;;;;;;;;;;;;;;;;;;;;
;;;;;;;;;;;;;;;;;;;;;;;;;
;;;;;;;;;;;;;;;;;;;;;;;;;
;;;;;;;;;;;;;;;;;;;;;;;;;
;;;;;;;;;;;;;;;;;;;;;;;;;
;;;;;;;;;;;;;;;;;;;;;;;;;
;;;;;;;;;;;;;;;;;;;;;;;;;
;;;;;;;;;;;;;;;;;;;;;;;;;
;;;;;;;;;;;;;;;;;;;;;;;;;
;;;;;;;;;;;;;;;;;;;;;;;;;
;;;;;;;;;;;;;;;;;;;;;;;;;
;;;;;;;;;;;;;;;;;;;;;;;;;
;;;;;;;;;;;;;;;;;;;;;;;;;
;;;;;;;;;;;;;;;;;;;;;;;;;
;;;;;;;;;;;;;;;;;;;;;;;;;
;;;;;;;;;;;;;;;;;;;;;;;;;
;;;;;;;;;;;;;;;;;;;;;;;;;
;;;;;;;;;;;;;;;;;;;;;;;;;
;;;;;;;;;;;;;;;;;;;;;;;;;
